STDR_YM_CD,SUD_CD,VIATR_FCLTY_CO,PBLOFC_CO,BANK_CO,GEHSPT_CO,GNRL_HSPTL_CO,PARMACY_CO,KNDRGR_CO,ELESCH_CO,MSKUL_CO,HGSCHL_CO,UNIV_CO,DRTS_CO,SUPMK_CO,THEAT_CO,STAYNG_FCLTY_CO,ARPRT_CO,RLROAD_STATN_CO,BUS_TRMINL_CO,SUBWAY_STATN_CO,BUS_STTN_CO
202012,1123000001,2,,,,,1,,,,,,,,,,,,,,
202012,1123000002,1,,,,,,,,,,,,,,,,,,,
202012,1123000004,6,,1,,,1,,,,,,,,,,,,,,
202012,1123000005,1,,,,,,,,,,,,,,,,,,,1
202012,1123000006,1,,,,,,,,,,,,,,,,,,,
202012,1123000008,7,,1,,,1,,,,,,,,,,,,,,2
202012,1123000009,2,,,,,,,,,,,,,,,,,,,1
202012,1123000018,4,,,,,,,,,,,,,,,,,,,1
202012,1123000021,1,,,,,,,,,,,,,,,,,,,
202012,1123000022,1,,,,,,,,,,,,,,,,,,,1
202012,1123000026,1,,,,,,,,,,,,,,,,,,,
202012,1123000029,5,,1,,,1,,,,,,,,,,,,,,
202012,1123000036,3,,,,,,,,,,,,,,,,,,,
202012,1123000040,2,,,,,,,,,,,,,,,,,,,1
202012,1123000045,1,,,,,,,1,,,,,,,,,,,,
202012,1123000054,2,,,,,,,,,,,,,,,,,,,1
202012,1123000055,1,,,,,,,,,,,,,,,,,,,1
202012,1123000059,3,,,,,,,,,,,,,,,,,,,
202012,1123000074,1,,,,,,,,,,,,,,,,,,,1
202012,1123000078,6,,,,,,,,,,,,,,,,,,,1
202012,1123000081,2,,,,,,,,,,,,,,,,,,,
202012,1123000086,3,1,1,,,,,,,,,,,,,,,,,
202012,1123000087,3,,,,,1,,,,,,,,,,,,,,2
202012,1123000092,1,,,,,,,,,,,,,,,,,,,1
202012,1123000095,1,,,,,,,,,,,,,,,,,,,
202012,1123000109,1,,,,,,,,,,,,,,,,,,,
202012,1123000110,2,1,,,,,,,,,,,,,,,,,,
202012,1123000111,1,,,,,,,,,,,,,,,,,,,
202012,1123000114,1,,,,,,,,,,,,,,,,,,,
202012,1123000115,1,1,,,,,,,,,,,,,,,,,,
202012,1123000116,1,,,,,,,,,,,,,,,,,,,1
202012,1123000120,1,,,,,,,,,,,,,,,,,,,
202012,1123000122,1,,,,,1,,,,,,,,,,,,,,
202012,1123000127,1,,,,,,,,,,,,,,,,,,,1
202012,1123000128,1,,,,,,,,,,,,,,,,,,,1
202012,1123000131,2,,,,,,,,,,,,,,,,,,,
202012,1123000134,2,,,,,,,,,,,,,,,,,,,1
202012,1123000138,1,,,,,,,,,,,,,,,,,,,1
202012,1123000139,6,,,,,1,,,,,,,,,,,,,,
202012,1123000140,1,,,,,,,,,,,,,,,,,,,
202012,1123000142,3,,,,,,,,,,,,,,,,,,,1
202012,1123000148,1,,,,,,,,,,,,,,,,,,,
202012,1123000149,1,,,,,,,,,,,,,,,,,,,1
202012,1123000156,1,,,,,,,,,,,,,,,,,,,
202012,1123000160,1,,,,,,,,,,,,,,,,,,,
202012,1123000161,7,,,,,,,,,,,,,,,,,,,
202012,1123000167,2,,,,,1,,,,,,,,,,,,,,
202012,1123000168,1,,,,,,,1,,,,,,,,,,,,
202012,1123000171,2,,,,,,,,,,,,,,,,,,,1
202012,1123000172,1,,,,,,,,,,,,,,,,,,,
202012,1123000177,1,,,,,,,,,,,,,,,,,,,
202012,1123000183,3,,,,,,,,,,,,,,,,,,,
202012,1123000188,3,1,,,,,,,,,,,,,,,,,,1
202012,1123000192,1,,,,,,,,1,,,,,,,,,,,
202012,1123000194,1,,,,,,,,,,,,,,,,,,,
202012,1123000196,3,,1,,,,,,,,,,,,,,,,,1
202012,1123000199,2,,,,,,,,,,,,,,,,,,,
202012,1123000204,1,,,,,,,,,,,,,,,,,,,
202012,1123000206,1,,,,,,,,,,,,,,,,,,,
202012,1123000209,2,,,,,1,,,,,,,,,,,,,,
202012,1123000210,2,,,,,,,,,,,,,,,,,,,1
202012,1123000211,3,,1,,,,,,,,,,,,,,,,,1
202012,1123000216,1,,,,,,,,,,,,,,,,,,,1
202012,1123000221,7,,,,1,1,,,,,,,,,,,,,,2
202012,1123000228,5,1,,,,1,,,,,,,,,,,,,,1
202012,1123000230,1,,,,,,,,,,,,,,,,,,,
202012,1123000234,1,,,,,,,,,,,,1,,,,,,,
202012,1123000242,1,,,,,,,,,,,,,,,,,,,
202012,1123000247,4,,1,,,,,,,,,,,,,,,,,
202012,1123000250,1,,,,,1,,,,,,,,,,,,,,
202012,1123000254,7,,,,1,1,,,,,,,,,,,,,,1
202012,1123000259,1,,,,,,,,,,,,1,,,,,,,
202012,1123000264,3,2,,,,1,,,,,,,,,,,,,,
202012,1123000268,2,,,,,1,,,,,,,,,,,,,,
202012,1123000270,1,,,,,,,,,,,,1,,,,,,,
202012,1123000282,1,,,,,,,,,,,,,,,,,,,
202012,1123000299,1,,,,,,,,,,,,,,,,,,,
202012,1123000310,2,,,,,,,,,,,,,,,,,,,
202012,1123000311,2,,,,,,,,,,,,,,,,,,,
202012,1123000313,8,,,,,1,,,,,,,,,,,,,,1
202012,1123000322,3,,,,,1,,,,,,,,,,,,,,1
202012,1123000323,1,,,,,,,,,,,,,,,,,,,
202012,1123000333,1,,,,,,,,,,,,,,,,,,,
202012,1123000334,4,,,,,,,,,,,,,,,,,,,1
202012,1123000339,1,,,,,,,,,,,,,,,,,,,
202012,1123000343,2,,,,,1,,,,,,,,,,,,,,
202012,1123000344,2,,,,,1,,,,,,,,,,,,,,
202012,1123000350,1,,,,,,1,,,,,,,,,,,,,
202012,1123000351,4,,,,,,,,,,,,,,,,,,,
202012,1123000352,1,,,,,,1,,,,,,,,,,,,,
202012,1123000354,1,,,,,,,,,,,,,,,,,,,1
202012,1123000357,2,,,,,,,,,,,,,,,,,,,
202012,1123000359,1,,,,,,,1,,,,,,,,,,,,
202012,1123000361,2,,,,,,,,,,,,,,,,,,,1
202012,1123000362,2,,,,,,,,,,,,,,,,,,,1
202012,1123000364,1,,,,,,,,,,,,,,,,,,,1
202012,1123000366,2,,,,,,,,,,,,,,,,,,,
202012,1123000367,1,,,,,,,,,,,,,,,,,,,1
202012,1123000368,1,,,,,,,,,,,,,,,,,,,
202012,1123000369,2,,,,,,,,,,,,,,,,,,,
202012,1123000374,1,,,,,,,,,,,,,,,,,,,1
202012,1123000377,1,,,,,,,,,,,,,,,,,,,1
202012,1123000380,1,,,,,,,,,,,,,,,,,,,
202012,1123000388,2,,,,,,,,,,,,,,,,,,,
202012,1123000394,5,,,,,1,,,,,,,,,,,,,,1
202012,1123000395,1,,,,,,1,,,,,,,,,,,,,
202012,1123000398,1,,,,,,,,,,,,,,,,,,,
202012,1123000400,3,,,,,1,,,,,,,,,,,,,,
202012,1123000409,1,,,,,,,,,,,,,,,,,,,1
202012,1123000411,2,,,,,1,,,,,,,,,,,,,,
202012,1123000420,1,,,,,,,,,,,,,,,,,,,1
202012,1123000422,1,,,,,,,,,,,,,,,,,,,
202012,1123000425,1,,,,,,,,,,,,,,,,,,,
202012,1123000432,1,,1,,,,,,,,,,,,,,,,,
202012,1123000437,1,1,,,,,,,,,,,,,,,,,,
202012,1123000460,2,1,,,,,,,,,,,,,,,,,,
202012,1123000470,2,,,,,,,,,,,,,,,,,,,
202012,1123000474,1,,,,,,,,,,,,,,,,,,,
202012,1123000489,1,,,,,,,,,,,,,,,,,,,
202012,1123000497,1,,,,,,,,,,,,,,,,,,,1
202012,1123000498,1,,,,,,,,,,,,,,,,,,,1
202012,1123000500,3,,,,,1,,,,,,,,,,,,,,
202012,1123000502,1,,,,,,,,,,,,,,,,,,,
202012,1123000509,2,1,,,,,,,,,,,1,,,,,,,
202012,1123000512,1,,,,,,,,,,,,,,,,,,,
202012,1123000518,1,,1,,,,,,,,,,,,,,,,,
202012,1123000520,1,,,,,,,,,,,,,,,,,,,
202012,1123000524,2,,,,,1,,,,,,,,,,,,,,
202012,1123000526,1,,,,,,,,,,,,,,,,,,,
202012,1123000528,1,,,,,,,,,,,,,,,,,,,1
202012,1123000533,1,1,,,,,,,,,,,,,,,,,,
202012,1123000541,1,,,,,,,,,,,,,,,,,,,1
202012,1123000542,4,,,,,,,,,,,,,,,,,,1,2
202012,1123000543,2,,,,,,,,,,,,,,,,,,,
202012,1123000548,1,,,,,,,,,,,,,,,,,,,1
202012,1123000551,1,,,,,,,,,,,,,,,,,,,
202012,1123000553,1,,,,,,,,,,,,,,,,,,,
202012,1123000556,2,,,,,,,,,,,,,,,,,,,1
202012,1123000557,1,,,,,,,,,,,,,,,,,,,
202012,1123000560,1,,,,,,,,,,,,,,,,,,,
202012,1123000565,1,,,,,,,,,,,,,,,,,,,
202012,1123000566,1,,,,,,,,,,,,,,,,,,,1
202012,1123000571,4,,,,,,,,,,,,,,1,,,,,
202012,1123000581,1,,,,,,,,,,,,,,,,,,,
202012,1123000583,2,,,,,,,,,,,,,,,,,,,
202012,1123000588,4,1,1,,,,,,,,,,,,,,,,,
202012,1123000589,5,,,,1,1,,,,,,,,,,,,,,1
202012,1123000590,5,,,,,1,,,,,,,,,,,,,,1
202012,1123000595,1,,,,,1,,,,,,,,,,,,,,
202012,1123000604,1,,,,,,,,,,,,,,,,,,,
202012,1123000605,1,,,,,,,,,,,,,,,,,,,1
202012,1123000607,1,,,,,,,,,,,,,,,,,,,
202012,1123000608,1,,,,,,,,,,,,,,,,,,,
202012,1123000616,1,,,1,,,,,,,,,,,,,,,,
202012,1123000622,6,1,1,,,,,,,,,,,,,,,,,
202012,1123000626,3,,,,,,,,,,,,,,,,,,3,
202012,1123000627,1,,,,,,,,,,,,,,,,,,,
202012,1123000628,1,,,,,1,,,,,,,,,,,,,,
202012,1123000630,2,,,,,,,,,,,,,,1,,,,,
202012,1123000631,1,,,,,,,,,,,,,,,,,,,
202012,1123000632,1,,,,,,1,,,,,,,,,,,,,
202012,1123000638,1,,,,,,,,,,,,,,,,,,,
202012,1123000639,2,,,,,,,,,,,,,,,,,,,1
202012,1123000642,5,,,,,1,,,,,,,,,1,,,,,1
202012,1123000647,2,1,,,,,,,,,,,,,,,,,,
202012,1123000649,1,,,,,,,,,,,,,,,,,,,
202012,1123000653,4,,1,,,,,,,,,,,,,,,,,
202012,1123000654,1,,,,,,,,,,,,,,,,,,,
202012,1123000656,1,,,,,1,,,,,,,,,,,,,,
202012,1123000659,1,,,,,,,,,,,,,,,,,,,
202012,1123000664,5,,,,,,,,,,,,,,,,,,,1
202012,1123000666,3,,,,,1,,,,,,,,,,,,,,1
202012,1123000672,3,,,,,,,,,,,,,,,,,,,2
202012,1123000674,1,,,,,,,1,,,,,,,,,,,,
202012,1123000675,12,,1,,1,1,,,,,,,,,,,,,,2
202012,1123000679,1,,,,,,,,,,,,,,,,,,,
202012,1123000681,4,,,,,1,,,,,,,,,,,,,,1
202012,1123000682,1,,,,,,,,,,,,,,,,,,,
202012,1123000685,1,,,,,,,,,,,,,,,,,,,
202012,1123000692,1,,,,,1,,,,,,,,,,,,,,
202012,1123000697,1,,,,,1,,,,,,,,,,,,,,
202012,1123000703,1,,,,,,,,,,,,,,,,,,,
202012,1123000706,1,,,,,,,,,,,,,,,,,,,1
202012,1123000714,1,,,,,,,,,,,,,,,,,,,
202012,1123000715,1,,,,,,,,,,,,,,,,,,,
202012,1123000720,4,1,,,,,,,,,,,,,,,,,,
202012,1123000727,3,,,,,,,,,,,,,,,,,,,
202012,1123000728,3,,,,,,,,,,,,,,,,,,,2
202012,1123000732,1,,,,,1,,,,,,,,,,,,,,
202012,1123000733,1,,,,,,,,,,,,,,,,,,,
202012,1123000734,1,,,,,,,,,,,,,,,,,,,
202012,1123000735,1,,,,,1,,,,,,,,,,,,,,
202012,1123000736,2,1,,,,,,,,,,,,,,,,,,
202012,1123000737,2,,,,1,,,,,,,,,,,,,,,1
202012,1123000739,1,,,,,,,,,,,,,,,,,,,1
202012,1123000746,2,,,,,,,,,,,,,,,,,,,
202012,1123000749,1,,,,,,,,,,,,,,,,,,,1
202012,1123000750,1,,,,,,,,,,,,,,,,,,,
202012,1123000751,2,,,,,,,,,,,,,,,,,,,1
202012,1123000754,1,,,,,,,,,,,,,,,,,,,
202012,1123000756,1,,1,,,,,,,,,,,,,,,,,
202012,1123000757,1,,,,,,,,,,,,,,,,,,,
202012,1123000761,3,,,,,,,,,,,,,,,,,,,2
202012,1123000762,2,,,,,,,,,,,,,,,,,,,
202012,1123000764,3,,,,,,,,,,,,,,,,,,,
202012,1123000765,1,,,,,,,,,,,,,,,,,,1,
202012,1123000767,2,,,,,,,,,,,,,,,,,,,
202012,1123000768,3,,,,,,,,,,,,,,1,,,,,
202012,1123000769,3,,,,,1,,,,,,,,,,,,,,
202012,1123000770,2,,,,,,,,,,,,,,,,,,,2
202012,1123000771,1,,,,,,,,,,,,,,1,,,,,
202012,1123000772,3,,,,,,,,,,,,,,,,,,,
202012,1123000775,2,,,,,1,,,,,,,,,,,,,,
202012,1123000776,1,,,,,,,,,,,,,,,,,,,
202012,1123000778,2,,,,,,,,,,,,,,,,,,,
202012,1123000783,5,1,,,,1,,,,,,,,,,,,,,
202012,1123000784,1,,,,,,,,,,,,,,,,,,,
202012,1123000792,2,,,,,,,,,,,,,,,,,,,
202012,1123000793,1,,,,,,,,,,,,,,,,,,,
202012,1123000795,1,,,,,,,,,,,,,,,,,,,
202012,1123000797,1,,,,,,,,,,,,,,,,,,,1
202012,1123000799,3,,,,,,,,1,1,,,,,,,,,,
202012,1123000804,6,,1,,,1,,,,,,,,,,,,,,1
202012,1123000805,1,,,,,,,,,,,,,,,,,,,1
202012,1123000810,2,,,,,,,,,,,,,,,,,,,2
202012,1123000813,2,,,,,,,,,,,,,,,,,,,1
202012,1123000821,1,,,,,,,,,,,,,,,,,,,
202012,1123000822,5,,,,,,,,,,,,,,,,,,,2
202012,1123000824,1,,,,,,,,,,,,,,,,,,,
202012,1123000830,3,,,,,,,,,,,,,,,,,,,
202012,1123000843,1,,,,,1,,,,,,,,,,,,,,
202012,1123000846,2,,,,1,,,,,,,,,,,,,,,1
202012,1123000851,2,,,,,,,,,,,,,,,,,,,
202012,1123000852,1,,1,,,,,,,,,,,,,,,,,
202012,1123000853,2,,,,,,,,,,,,,,,,,,,
202012,1123000855,1,,,,,,,,,,,,,,,,,,,1
202012,1123000857,1,,,,,,,,,,,,,,,,,,,
202012,1123000860,3,,,,,,1,,,,,,,,,,,,,
202012,1123000864,1,,,,,,,,,,,,,,,,,,,
202012,1123000871,2,,,,,,,,,,,,,,,,,,,1
202012,1123000873,2,,,,,,,,,,,,,,,,,,,1
202012,1123000875,1,,,,,,,,,,,,,,,,,,,1
202012,1123000877,1,,,,,,,,,,,,,,,,,,,
202012,1123000880,1,,,,,,,,,,,,,,,,,,,
202012,1123000883,1,,,,,,,,,,,,,,,,,,,
202012,1123000885,1,,,,,,,,,,,,,,,,,,,1
202012,1123000887,2,,,,,1,,,,,,,,,,,,,,
202012,1123000889,2,,,,,1,,,,,,,,,,,,,,
202012,1123000892,2,,,,,,,,,,,,,,,,,,,
202012,1123000903,1,,,,,,,,,,,,,,,,,,,
202012,1123000908,2,,,,,,,,,,,,,,,,,,,
202012,1123000918,1,,,,,,,,,,1,,,,,,,,,
202012,1123000919,2,,,,,,,,,,,,,,,,,,,
202012,1123000924,4,,,,,1,,,,,,,,,,,,,,
202012,1123000929,1,,,,,,,,,,,,,,,,,,,1
202012,1123000930,2,,,,,,,,,,,,,,,,,,,1
202012,1123000933,2,,,,,,,,,,,,,,,,,,,
202012,1123000934,1,,,,,,,,,,,,,,,,,,,1
202012,1123000935,2,,,,,,,,,,,,,,,,,,,1
202012,1123000938,5,,,,,1,,,,,,,,,,,,,,
202012,1123000942,2,,,,,1,,,,,,,,,,,,,,1
202012,1123000945,2,,,,,1,,,,,,,,,,,,,,
202012,1123000946,1,,,,,,,,,,,,,,,,,,,
202012,1123000949,1,,,,,,,,,,,,,,,,,,,1
202012,1123000952,4,1,1,,,,,,,,1,,,,,,,,,1
202012,1123000954,1,,,,,,,,,,,,,,,,,,,
202012,1123000958,1,,,,,,,,,,,,,,,,,,,
202012,1123000961,2,,,,,,,,,,,,,,,,,,,1
202012,1123000964,1,,,,,,,,,,,,,,,,,,,
202012,1123000969,1,,,,,,,,,,,,,,,,,,,
202012,1123000972,1,,,,,,,,,,1,,,,,,,,,
202012,1123000975,2,,,,,1,,,,,,,,,,,,,,
202012,1123000983,1,,,,,,,,,,,,,,,,,,,
202012,1123000985,4,,,,,,,,,,,,,,,,,,,
202012,1123000990,1,,,,,,,,,,,,,,,,,,,
202012,1123000995,3,1,,,,,,,,,,,,,,,,,,1
202012,1123001000,1,,,,,,,,,,,,,,,,,,,
202012,1123001005,2,,,,,1,,,,,,,,,,,,,,
202012,1123001011,1,,,,,,,,,,,,,,,,,,,1
202012,1123001014,1,,,,,,,,,,,,,,,,,,,1
202012,1123001022,15,1,,,,,,,,,10,,,,,,,,,4
202012,1123001023,1,1,,,,,,,,,,,,,,,,,,
202012,1123001029,1,,,,,,,,,,,,,,,,,,,
202012,1123001030,1,,,,,1,,,,,,,,,,,,,,
202012,1123001036,17,,,,,,,,,1,14,,,,,,,,,1
202012,1123001039,2,,,,,,,,,,,,,,,,,,1,
202012,1123001044,1,,,,,,,,,,,,,,,,,,,
202012,1123001047,1,,,,,,,,,,,,,,,,,,,1
202012,1123001048,2,,,,,1,,,,,,,,,,,,,,
202012,1123001051,7,1,,,,3,,,,,,,,,,,,,,
202012,1123001054,1,,,,,,,,,,,,,,,,,,,
202012,1123001057,2,,,,,,,,,,2,,,,,,,,,
202012,1123001070,2,,,,,,2,,,,,,,,,,,,,
202012,1123001088,1,,,,,,,,,,,,,,,,,,,1
202012,1123001089,5,,,,,,,,,1,,,,,,,,,,
202012,1123001092,2,,,,,,,,,,,,,,,,,,,2
202012,1123001100,1,,,,,,,,,,,,,,,,,,,1
202012,1123001115,1,,,,,,,,,,1,,,,,,,,,
202012,1123001144,2,,,,,,,,,,,,,,,,,,,
202012,1123001158,1,,,,,,,,,,,,,,,,,,,1
202012,1123001162,1,,,,,,,,,,,,,,,,,,,1
202012,1123001165,1,,,,,,,,,,,,,,,,,,,1
202012,1123001180,1,,,,,,1,,,,,,,,,,,,,
202012,1123001181,2,,,,,,,,,,,,,,,,,,,
202012,1123001184,1,,,,,,,,,,,,,,,,,,,
202012,1123001204,3,,,,,,,,,,,,,,,,,,,
202012,1123001206,1,,,,,,,,,,,,,,,,,,,
202012,1123001209,1,,,,,,,,,,,,,,,,,,,
202012,1123001211,1,,,,,,,,,,,,,,,,,,,
202012,1123001212,1,,,,,1,,,,,,,,,,,,,,
202012,1123001215,2,,,,,,,,,,,,,,,,,,,2
202012,1123001216,2,,,,,,,,,,,,,,,,,,,2
202012,1123001221,1,,,,,,,,,,,,,,,,,,,
202012,1123001248,1,,,,,,,,,,,,,,,,,,,
202012,1123001252,1,,,,,,,,,,,,,,,,,,,
202012,1123001255,5,,,,,,,,,,,,,,,,,,,5
202012,1123001256,1,,,,,,,,,,,,,,,,,,,
202012,1123001266,1,,,,,,,1,,,,,,,,,,,,
202012,1123001268,1,,,,,,,,,,,,,,,,,,,
202012,1123001272,1,,,,,,,,,,,,,,,,,,,
202012,1123001273,1,,,,,,,,,,,,,,,,,,1,
202012,1123001280,2,,,,,1,,,,,,,,,,,,,,
202012,1123001282,1,,,,,,,,,,,,,,,,,,,
202012,1123001284,2,,,,,,,,,,,,,,,,,,,
202012,1123001285,1,,,,,,,,,,,,,,,,,,,
202012,1123001286,4,,,,,2,,,,,,,,,,,,,,1
202012,1123001287,1,1,,,,,,,,,,,,,,,,,,
202012,1123001292,1,,,,,,,,,,,,,,,,,,,
202012,1123001293,1,,,,,,,,,,,,,,,,,,,
202012,1123001295,3,,,,,,,,,,,,,,,,,,,
202012,1123001298,2,1,,,,,,,,,,,,,,,,,,
202012,1123001301,1,,,,,,,,,,,,,,,,,,,
202012,1123001302,1,,,,,,,,,,,,,,,,,,,
202012,1123001306,3,,,,,1,,,,,,,,,,,,,,
202012,1123001314,1,,,,,,,,,,,,,,,,,,,
202012,1123001319,3,,,,,,,,,,2,,,,,,,,,1
202012,1123001322,1,,,,,,,,,,,,,,,,,,,
202012,1123001325,2,,,,,,,,,,,,,,,,,,,
202012,1123001329,2,,,,,1,,,,,,,,,,,,,,
202012,1123001330,2,,,,,,,,,,,,,,,,,,,
202012,1123001333,6,,,,,,,,,,,,,,,,,,,3
202012,1123001335,1,,,,,,,,,,,,,,,,,,,
202012,1123001336,7,,1,,,1,,,,,,,,,,,,,,3
202012,1123001338,12,,3,,1,1,,,,,,,,,,,,,1,
202012,1123001341,4,,1,,,,,,,,,,,,,,,,,
202012,1123001344,2,,,,,,,,,,,,,,,,,,,
202012,1123001346,6,,1,,,,,,,,,,,,,,,,,3
202012,1123001351,1,,,,,,,,,,,,,,,,,,,
202012,1123001356,1,,,,,,,,,,,,,,,,,,,
202012,1123001358,6,,,,,1,,,,,,,,,,,,,,2
202012,1123001359,1,,,,,,,,,,,,,,,,,,,
202012,1123001365,5,,,,1,1,,,,,,,,,,,,,,2
202012,1123001375,14,,,,,4,,,,,,,,,,,,,,4
202012,1123001378,2,,,,,,,,,,,,,,,,,,,
202012,1123001385,2,,,,1,,,,,,,,,,,,,,,
202012,1123001387,2,,,,,,,,,,,,,,,,,,,2
202012,1123001390,2,,,,,,,,,,,,,,,,,,,
202012,1123001392,1,,,,,,,,,,,,,,,,,,,
202012,1123001393,2,,,,,2,,,,,,,,,,,,,,
202012,1123001400,1,,,,,,,,,,,,,,,,,,,
202012,1123001401,1,,,,,,,1,,,,,,,,,,,,
202012,1123001405,1,,,,,,,,,,,,,,,,,,,1
202012,1123001410,1,,,,,,,,,,,,,,,,,,,
202012,1123001411,1,,,,,,,,,,,,,,,,,,,
202012,1123001415,1,,,,,1,,,,,,,,,,,,,,
202012,1123001416,1,,,,,,,,,,,,,,,,,,,
202012,1123001417,2,,1,,,,,,,,,,,,,,,,,
202012,1123001421,3,,,,,,1,,,,,,,,,,,,,
202012,1123001425,2,,,,,,,,,,,,,,,,,,,
202012,1123001426,1,1,,,,,,,,,,,,,,,,,,
202012,1123001434,2,,,,,,,,,,,,,,,,,,,2
202012,1123001442,5,,,,,1,,,,,,,,,,,,,,2
202012,1123001444,1,,,,,,,1,,,,,,,,,,,,
202012,1123001449,1,,,,,,,,,,,,,,,,,,,
202012,1123001452,1,,,,,1,,,,,,,,,,,,,,
202012,1123001455,1,,,,,,,,,,,,,,,,,,,
202012,1123001456,3,,1,,,,,,,,,,,,,,,,,2
202012,1123001460,2,,,,,,,,,,,,,,,,,,,2
202012,1123001461,2,,,,,,,,,,,,,,,,,,,2
202012,1123001462,2,,,,,,,,,,,,,,,,,,,1
202012,1123001464,1,,,,,,,,,,,,,,,,,,,
202012,1123001465,2,,,,,,,,1,,,,,,,,,,,1
202012,1123001467,1,,,,,,,,,,,,,,,,,,,
202012,1123001473,1,1,,,,,,,,,,,,,,,,,,
202012,1123001474,3,,,,,1,,,,,,,,,,,,,,
202012,1123001483,1,,,,,,,,1,,,,,,,,,,,
202012,1123001486,2,1,,,,,1,,,,,,,,,,,,,
202012,1123001491,3,,,,,,,,,,,,,,,,,,,2
202012,1123001494,4,1,,,,,,,,,,,,,,,,,,
202012,1123001495,1,,,,,,,,,,,,,,,,,,,1
202012,1123001505,1,,,,,1,,,,,,,,,,,,,,
202012,1123001509,1,,,,,,,,,,,,,,,,,,,
202012,1123001513,1,,,,,,,,,,,,,,,,,,,
202012,1123001514,3,,,,,1,,,,,,,,,,,,,,1
202012,1123001516,1,,,,,,,,,,,,,,,,,,,
202012,1123001521,1,,,,,1,,,,,,,,,,,,,,
202012,1123001526,1,,,,,,,,,,,,,,,,,,,
202012,1123001527,2,,,,,,,,,,,,,,,,,,,2
202012,1123001532,5,,,,,,,,,,,,,,,,,,,
202012,1123001534,3,,,,,,,,,,,,,,,,,,,2
202012,1123001536,1,,,,,,,,,,,,,,,,,,,
202012,1123001543,1,,,,,,,,,,,,,,,,,,,
202012,1123001551,3,,,,,2,,,,,,,,,,,,,,
202012,1123001559,1,,,,,,,,,,,,,,,,,,,
202012,1123001561,1,,,,,,,,,,,,,,,,,,,
202012,1123001564,2,,,,,1,,,,,,,,,,,,,,
202012,1123001573,2,,,,,,,,,,,,,,,,,,,
202012,1123001577,3,,1,,,,,,,,,,,,,,,,,1
202012,1123001584,8,,1,,,1,,,,,,,,,,,,,,2
202012,1123001588,1,,,,,,,,,,,,,,,,,,,
202012,1123001589,2,,,,,1,,,,,,,,,,,,,,1
202012,1123001591,1,,,,,,,,,,,,,,,,,,,
202012,1123001592,1,,,,,,,,,,,,,,,,,,,
202012,1123001593,9,,1,,,1,,,,,,,,,,,,,,
202012,1123001594,3,,,,1,1,,,,,,,,,,,,,,1
202012,1123001595,2,1,,,,,,,,,,,,,,,,,,
202012,1123001596,3,,,,,1,,,,,,,,,,,,,,1
202012,1123001597,4,,,,,1,,,,,,,,,,,,,,
202012,1123001606,2,,,,,,,,,,,,,,,,,,,2
202012,1123001608,1,,,,,,,,,,,,,,,,,,,
202012,1123001609,3,,,,,1,,,,,,,,,,,,,,1
202012,1123001610,1,,,,,,,,,,,,,,,,,,,
202012,1123001611,1,,,,,,,,,,,,,,,,,,,
202012,1123001617,3,,,,,,,,,,,,,,1,,,,,2
202012,1123001619,1,,,,,,,,,,,,,,,,,,,1
202012,1123001623,3,,,,,,,,,,,,,,,,,,,
202012,1123001625,3,,,,,,,,,,,,,,,,,,,
202012,1123001630,2,,,,,,,,,,,,,,,,,,,
202012,1123001633,2,,,,,,,,,,,,,,,,,,,2
202012,1123001634,8,,,,,,,,,,,,,,,,,,,1
202012,1123001635,3,,,,,1,,,,,,,,1,,,,,,
202012,1123001636,1,,,,,,,,,,,,,,,,,,,
202012,1123001637,5,,,,,1,,,,,,,,,,,,,,
202012,1123001638,6,,1,,,1,,,,,,,,,,,,,,1
202012,1123001639,5,,,,,1,,,,,,,,,,,,,,
202012,1123001640,7,,,,,2,,,,,,,,,,,,,,
202012,1123001642,2,,,,,,,,,,,,,,,,,,,1
202012,1123001644,1,,,,,,,,,,,,,,,,,,,1
202012,1123001646,3,,,,1,1,,,,,,,,,,,,,,
202012,1123001649,1,,,,,,,,,,,,,,,,,,,1
202012,1123001663,1,,,,,,,,,,,,,,,,,,,1
202012,1123001669,7,,,,,,,,,,,,,,,,,,,
202012,1123001673,1,,,,,,,1,,,,,,,,,,,,
202012,1123001674,5,,,,,1,,,,,,,,,,,,,,1
202012,1123001675,2,,,,1,,,,,,,,,,,,,,,1
202012,1123001698,1,,,,,,,,,,,,,,,,,,,1
202012,1123001707,4,,,,,,,,,,,,,,,,,,,1
202012,1123001708,1,,,,,,,,,,,,,,,,,,,1
202012,1123001713,1,,,,,,,,,,,,,,,,,,,
202012,1123001719,1,,,,,,,,,,,,,,,,,,,
202012,1123001729,1,,,,,1,,,,,,,,,,,,,,
202012,1123001731,4,,,,,2,,,,,,,,,,,,,,
202012,1123001733,2,,,,,,,,,,,,,,,,,,,
202012,1123001735,1,,,,,,,,,,,,,,,,,,,
202012,1123001741,1,,,,,,,,,,,,,,,,,,,
202012,1123001746,1,,,,,,,,,,,,,,,,,,,
202012,1123001747,3,1,,,,,,,,,,,,,,,,,,
202012,1123001753,1,,,,,,,,,,,,,,,,,,,1
202012,1123001765,3,,,,,1,,,,,,,,,,,,,,1
202012,1123001766,2,,,,,,,,,,,,,,,,,,,1
202012,1123001772,1,,,,,,,,,,,,,,,,,,,
202012,1123001773,2,,,,,,,,,1,1,,,,,,,,,
202012,1123001775,1,,,,,,,,,,,,,,,,,,,
202012,1123001776,3,,,,,1,,,,,,,,,,,,,,
202012,1123001777,3,,1,,,1,,,,,,,,,,,,,,
202012,1123001779,2,,,,,1,,,,,,,,,,,,,,
202012,1123001781,1,,,,,,,1,,,,,,,,,,,,
202012,1123001782,6,1,,,,,,,,,,,,,,,,,,2
202012,1123001784,2,1,,,,,,,,,,,,,,,,,,1
202012,1123001785,2,,,,,,,,,,,,,,,,,,,1
202012,1123001787,1,,,,,,,,,,,,,,,,,,,
202012,1123001788,4,,,,,,,,,,,,,,,,,,,3
202012,1123001789,2,,,,,1,,,,,,,,,,,,,,
202012,1123001790,1,,,,,,,,,,,,,,,,,,,1
202012,1123001791,1,,,,,,,,,,,,,,,,,,,
202012,1123001794,2,,,,,,,,,,,,,,,,,,,1
202012,1123001795,3,,,,,,,,,,,,,,,,,,,3
202012,1123001799,5,,,,,1,,,,,,,,,,,,,,
202012,1123001803,2,,,,,,,,,,,,,,,,,,,
202012,1123001805,2,,,,,1,1,,,,,,,,,,,,,
202012,1123001808,1,,,,,,,,,,,,,,,,,,,
202012,1123001817,2,,,,,,,,,,,,,,,,,,,2
202012,1123001819,2,,,,,,,,,,,,,,,,,,,
202012,1123001822,2,,,,,,,,,,,,,,,,,,,
202012,1123001826,1,,,,,,,,,,,,,,,,,,,
202012,1123001829,3,,,,,2,,,,,,,,,,,,,,
202012,1123001831,2,,,,,,,,,,,,,,,,,,,
202012,1123001834,2,,,,,,,,,,,,,,,,,,,2
202012,1123001838,1,,,,,,,,,,,,,,,,,,,1
202012,1123001847,5,,,,,,,,,,,,,,,,,,,
202012,1123001848,6,,,,,1,,,,,,,,,,,,,,2
202012,1123001849,3,,,,,,,,,,,,,,,,,,,
202012,1123001850,1,,,,,,,,1,,,,,,,,,,,
202012,1123001851,2,,,,,,,,,,,,,,,,,,,1
202012,1123001853,4,,,,,,,,,,,,,,,,,,,
202012,1123001855,1,,,,,,1,,,,,,,,,,,,,
202012,1123001858,1,,,,,1,,,,,,,,,,,,,,
202012,1123001859,4,,,,,,,,,,,,,,,,,,,
202012,1123001860,1,,,,,,,,,,,,,,,,,,,
202012,1123001863,2,,,,,,,1,,,,,,,,,,,,1
202012,1123001864,7,,1,,,2,,,,,,,,,,,,,,
202012,1123001870,1,,,,,,,,,,,,,,,,,,,1
202012,1123001876,3,,,,,,,,,,,,,,1,,,,,1
202012,1123001877,1,,,,,,,,,,,,,,,,,,,1
202012,1123001878,2,1,,,,,,,,,,,,,,,,,,1
202012,1123001879,1,,,,,,,,,,,,,,,,,,,1
202012,1123001882,1,,,,,,,,,,,,,,,,,,,1
202012,1123001885,2,,,,1,,,,,,,,,,,,,,,1
202012,1123001888,1,,,,,,,,,,,,,,,,,,,
202012,1123001889,3,,,,,,,,,,,,,,,,,,,
202012,1123001894,2,,,,,,,,,,,,,,1,,,,,
202012,1123001898,3,,,,,1,,,,,,,,,,,,,,1
202012,1123001904,1,,,,,,,,,,,,,,,,,,,1
202012,1123001907,2,1,,,,,,,,,,,,,,,,,,
202012,1123001912,2,,,,,,,,,,,,,,1,,,,,
202012,1123001918,1,,,,,,,,,,,,,,1,,,,,
202012,1123001922,1,,,,,,,,,,,,,,,,,,,
202012,1123001926,1,1,,,,,,,,,,,,,,,,,,
202012,1123001930,2,,,,,1,,,,1,,,,,,,,,,
202012,1123001935,5,,1,,,1,,,,,,,,,,,,,,
202012,1123001944,1,,,,,,,,,,,,,,,,,,,
202012,1123001950,2,,,,,,,,,,,,,,,,,,,
202012,1123001953,1,,,,,,,,,,,,,,,,,,,
202012,1123001958,1,,,,,,,,,,,,,,,,,,,
202012,1123001961,1,,,,,,,,,,,,,,,,,,,1
202012,1123001965,1,,,,,,,,,,,,,,,,,,,
202012,1123001966,3,,,,,1,,,,,,,,,,,,,,1
202012,1123001973,2,,,,,,1,,,,,,,,,,,,,
202012,1123001980,1,1,,,,,,,,,,,,,,,,,,
202012,1123001982,1,,,,,,,,,,,,,,,,,,,1
202012,1123001984,8,,,,,2,,,,,,,,,,,,,,
202012,1123001987,1,,,,,,,,,,,,,,,,,,,
202012,1123001992,1,,,,,,,,,,,,,,,,,,,
202012,1123001994,2,,,,,,,,,,,,,,,,,,,
202012,1123002008,9,,,,,1,,,,,,,,,,,,,1,4
202012,1123002009,1,,,,,,,,,,,,,,,,,,,
202012,1123002011,2,,,,,1,,,,,,,,,,,,,,1
202012,1123002014,2,,,,,,1,,,,,,,,,,,,,
202012,1123002036,1,,,,,,,,,,,,,,,,,,,1
202012,1123002037,1,,,,,,,,,,,,,,,,,,,1
202012,1123002055,2,,,,,,,,,,,,,,,,,,,1
202012,1123002061,1,,,,,,,,,,,,,,,,,,,
202012,1123002062,1,,,,,,,,,,,,,,,,,,,1
202012,1123002078,2,,,,,,,,,,,,,,,,,,,1
202012,1123002083,2,,,,,,,,,,,,,,,,,,,2
202012,1123002087,2,,,,,,,,,,,,,,,,,,,2
202012,1123002091,12,,,,,1,,,,,,,,1,1,,,,2,1
202012,1123002093,1,,,,,,,,,,,,,,,,,,,
202012,1123002095,9,,,,,,,,,,,,,,,,,,,3
202012,1123002099,1,,,,,,,,,,,,,,,,,,,
202012,1123002107,1,1,,,,,,,,,,,,,,,,,,
202012,1123002111,3,,,,,,,,,,,,,,,,,,,
202012,1123002118,1,,,,,,1,,,,,,,,,,,,,
202012,1123002121,2,,,,,1,,,,,,,,,,,,,,1
202012,1123002122,4,,,,,,,,,,,,,,,,,,,
202012,1123002129,9,,,,,5,,,,,,,,,,,,,,
202012,1123002131,1,,,,,,1,,,,,,,,,,,,,
202012,1123002134,1,,,,,,,,,,,,,,,,,,,
202012,1123002135,1,,,,,,,,,,,,,,,,,,,
202012,1123002138,8,,1,,,2,,,,,,,,,,,,,,
202012,1123002143,1,,,,,,,,,,,,,,,,,,,1
202012,1123002144,2,,,,,,,,,,,,,,,,,,,1
202012,1123002152,1,,,,,,,,,,,,,,,,,,,
202012,1123002155,1,1,,,,,,,,,,,,,,,,,,
202012,1123002156,1,,,,,,,,,,,,,,,,,,,1
202012,1123002157,1,,,,,,,,,,,,,,,,,,,
202012,1123002159,4,,,,,,,,,,,,,,,,,,,1
202012,1123002162,3,,,,,2,,,,,,,,,,,,,,
202012,1123002166,1,,,,,,,,,,,,,,,,,,,1
202012,1123002172,2,,,,,,,,,,,,,,,,,,,
202012,1123002173,3,,,,,,,,,,,,,,,,,,,
202012,1123002176,1,,,,,,,,,,,,,,,,,,,
202012,1123002179,3,,,,,,,,,,,,,,,,,,,1
202012,1123002183,2,,,,,,1,1,,,,,,,,,,,,
202012,1123002189,1,,,,,1,,,,,,,,,,,,,,
202012,1123002190,1,,,,,,,,,,,,,,,,,,,1
202012,1123002198,3,,,,,,,,,,,,,,,,,,,3
202012,1123002207,1,,,,,,,1,,,,,,,,,,,,
202012,1123002209,1,,,,,,,1,,,,,,,,,,,,
202012,1123002220,1,,,,,,,,,1,,,,,,,,,,
202012,1123002222,1,,,,,,,,,,,,,,,,,,,
202012,1123002224,1,,,,,,,,,,,,,,,,,,,
202012,1123002229,1,,,,,,,,1,,,,,,,,,,,
202012,1123002232,1,,,,,,,,1,,,,,,,,,,,
202012,1123002234,4,,,,,1,,,,,,,,,,,,,,3
202012,1123002237,1,,,,,,,,,,,,,,,,,,,1
202012,1123002238,2,,,,,,,,,,,,,,,,,,,
202012,1123002241,30,1,1,,,,,,,,27,,,,,,,,,
202012,1123002243,4,,,,,,,,,,,,,,,,,,,1
202012,1123002244,15,,1,,,,,,,,,,,,,,,,,
202012,1123002246,10,,,,,,,,,,,,,,,,,,,
202012,1123002247,2,,1,,1,,,,,,,,,,,,,,,
202012,1123002248,11,,,,,1,,,,,,,,,,,,,,1
202012,1123002249,6,,1,,,1,,,,,,,,,,,,,,
202012,1123002250,8,,,,,,,,,,,,,,,,,,,
202012,1123002251,1,,,,,,,,,,,,,,,,,,,
202012,1123002253,1,,,,,,,,,,,,,,,,,,,
202012,1123002254,6,,,,,,,,,,,,,,,,,,,1
202012,1123002255,5,,,,,,,,,,,,,,,,,,,
202012,1123002256,1,,,,,,,,,,,,,,,,,,,
202012,1123002257,1,,,,,,,,,,,,,,,,,,,
202012,1123002259,4,,,,,,,,,,,,,,,,,,,
202012,1123002262,4,,1,,,1,,,,,,,,,,,,,,
202012,1123002263,11,,,,,,,,,,,,,,,,,,,
202012,1123002265,3,,,,,,,,,,,,,,,,,,,
202012,1123002266,6,,,,,1,,,,,,,,,,,,,,
202012,1123002267,7,,,,,1,,,,,,,3,,,,,,,
202012,1123002268,2,,,,,1,,,,,,,,,,,,,,
202012,1123002271,1,,,,,,,,,,,,,,,,,,,
202012,1123002274,13,,,,,1,,,,,,,,,,,,,,
202012,1123002276,1,,,,,,,,,,,,,,,,,,,
202012,1123002279,3,,1,,,,,,,,,,,,,,,,,
202012,1123002281,2,,,,,,,,,,,,,,,,,,,
202012,1123002288,3,,,,,,,,,,,,,,,,,,,
202012,1123002291,2,,,,,,,,,,,,,,,,,,,
202012,1123002300,6,,,,,,,,,,,,,,,,,,,1
202012,1123002301,2,,,,,,,,,,,,,,,,,,,1
202012,1123002304,1,,,,,1,,,,,,,,,,,,,,
202012,1123002311,3,,,,,,,,,,,,,,3,,,,,
202012,1123002312,3,,,,,1,,,,,,,,,1,,,,,
202012,1123002314,1,,,,,,,,,,,,,,1,,,,,
202012,1123002321,2,,,,,,,,,,,,,,,,,,,
202012,1123002327,2,,,,,,,,,,,,,,,,,,,
202012,1123002328,1,,,,,,,,,,,,,,,,,,,
202012,1123002330,1,,,,,,,,,,,,,,,,,,,
202012,1123002332,4,,,,,1,,,,,,,,,,,,,,
202012,1123002334,4,,,,,,,,,,,,,,,,,,,
202012,1123002337,1,,,,,,,,,,,,,,1,,,,,
202012,1123002339,1,,,,,,,,,,,,,,1,,,,,
202012,1123002340,1,,,,,,,,,,,,,,,,,,,
202012,1123002341,1,,,,,,,,1,,,,,,,,,,,
202012,1123002343,1,,,,,,,,,,,,,,,,,,,
202012,1123002353,1,,,,,,,,,,,,,,1,,,,,
202012,1123002358,1,,,,,,,,,,,,,,,,,,,
202012,1123002359,1,,,,,,,1,,,,,,,,,,,,
202012,1123002360,7,,,,,2,,,,,,,,,,,,,,1
202012,1123002362,5,1,,,,2,,,,,,,,,,,,,,1
202012,1123002371,1,,,,,,,,,,,,,,,,,,,
202012,1123002374,2,,,,,,,,,,,,,,,,,,,
202012,1123002376,2,,,,,,,,,,,,,,1,,,,,
202012,1123002379,3,,,,,1,,,,,,,,,,,,,,2
202012,1123002380,1,,,,,,,,,,,,,,,,,,,
202012,1123002382,1,,,,,,,,,,,,,,,,,,,
202012,1123002385,1,,,,,1,,,,,,,,,,,,,,
202012,1123002387,1,,,,,,,,,,,,,,,,,,,
202012,1123002388,2,,,,,,,,,,,,,,,,,,,
202012,1123002391,1,,,,,,,,,,,,,,,,,,,
202012,1123002392,2,,,,,1,,,,,,,,,,,,,,
202012,1123002394,1,,,,,,,,,,,,,,,,,,,1
202012,1123002395,1,,,,,,,,,,,,,,,,,,,1
202012,1123002399,2,,,,,,,,,,,,,,,,,,,
202012,1123002404,2,1,,,,,,,,,,,,,,,,,,1
202012,1123002406,2,,,,,1,,,,,,,,,,,,,,
202012,1123002408,1,,,,,,1,,,,,,,,,,,,,
202012,1123002411,1,,,,,,,,,,,,,,,,,,,1
202012,1123002413,1,,,,,,,,,,,,,,1,,,,,
202012,1123002417,1,,,,,,,,,,,,,,,,,,,
202012,1123002419,1,1,,,,,,,,,,,,,,,,,,
202012,1123002421,2,,,,,,,,,,,,,,,,,,,1
202012,1123002423,1,,,,,1,,,,,,,,,,,,,,
202012,1123002433,2,,,,,,,,,,,,,,,,,,,
202012,1123002435,2,,,,,,,,,,,,,,,,,,,
202012,1123002442,2,,,,,,,,,,,,,,,,,,,
202012,1123002451,2,,,,,,,,,,,,,,2,,,,,
202012,1123002453,2,,,,,1,,,,,,,,,,,,,,
202012,1123002455,1,,,,,,,,,,,,,,,,,,,
202012,1123002462,3,,,,,,,,,,,,,,,,,,,
202012,1123002464,1,,,,,,,,,,,,,,1,,,,,
202012,1123002466,1,,,,,,,,,,,,,,,,,,,
202012,1123002467,1,,,,,,,,,,,,,,,,,,,
202012,1123002476,1,,,,,,,,,,,,,,,,,,,
202012,1123002486,1,,,,,,,,,,,,,,,,,,,1
202012,1123002488,1,,,,,,,,,,,,,,,,,,,1
202012,1123002491,4,,,,,,,,,,,,,,,,,,,3
202012,1123002493,1,,,,,,,,,,,,,,,,,,,
202012,1123002497,1,,,,,,,,,,,,,,,,,,,
202012,1123002498,2,,,,,,,,1,1,,,,,,,,,,
202012,1123002506,1,,,,,,,,,,,,,,,,,,,1
202012,1123002513,1,,,,,,,1,,,,,,,,,,,,
202012,1123002514,2,,,,,,,,,,,,,,,,,,,
202012,1123002515,3,,,,,,,,,,,,,,,,,,,1
202012,1123002520,1,,,,,,,,,,,,,,,,,,,1
202012,1123002521,1,,,,,,,,,,,,,,,,,,,
202012,1123002532,3,,,,,,,,,,,,,,,,,,,
202012,1123002533,1,,,,,,,,,,,,,,,,,,,1
202012,1123002538,1,,,,,,,,,,,,,,,,,,,
202012,1123002546,3,,,,,1,,,,,,,,,,,,,,1
202012,1123002556,1,,,,,,,,,,,,,,,,,,,1
202012,1123002577,5,,,,,,,,,,,,,,,,,,,
202012,1123002578,1,,,,,1,,,,,,,,,,,,,,
202012,1123002593,5,,,,,,,,,,1,,,,1,,,,,1
202012,1123002600,1,,,,,,1,,,,,,,,,,,,,
202012,1123002605,9,,,,,,,,,,,,,,,,,,1,3
202012,1123002606,2,,,,,,,,,,,,,,,,,,,
202012,1123002607,2,,,,,,,,,,,,,,,,,,,1
202012,1123002608,1,1,,,,,,,,,,,,,,,,,,
202012,1123002613,5,,,,,2,,,,,,,,,,,,,,
202012,1123002616,10,,3,,,1,,,,,,,,,,,,,,
202012,1123002618,8,,,,,1,,,,,,,,,,,,,,3
202012,1123002623,1,,,,,,,,,,,,,,,,,,,1
202012,1123002626,3,,,,,,,,,,,,,,,,,,,
202012,1123002627,2,,,,,,,,,,,,,,,,,,,
202012,1123002628,13,,,,,3,,,,,,,,,,,,,,2
202012,1123002629,3,,,,,1,,,,,,,,,,,,,,
202012,1123002631,6,1,1,,,,,,,,,,,,,,,,,2
202012,1123002633,5,2,,,,,,,,,,,,,,,,,,2
202012,1123002634,4,,,,,1,,,,,,,,,,,,,,1
202012,1123002635,2,,,,,1,,,,,,,,,,,,,,
202012,1123002638,5,,,,,1,,,,,,,,,,,,,,2
202012,1123002639,2,,,,,1,,,,,,,,,,,,,,
202012,1123002642,1,,,,,,,,,,,,,,,,,,,
202012,1123002643,1,,,,,,,,,,,,,,,,,,,
202012,1123002645,2,,,,,,,,,,,,,,1,,,,,
202012,1123002646,1,,,,,,,,,,,,,,,,,,,
202012,1123002651,5,,,1,,2,,,,,,,,,,,,,,2
202012,1123002654,2,,,,,,,,,,,,,,,,,,,
202012,1123002655,1,,,,,,,,,,,,,,,,,,,
202012,1123002660,3,,,,,,,,,,,,,,,,,,,
202012,1123002662,1,,,,,,,,,,,,,,,,,,,
202012,1123002674,1,,,,,,,,,,,,,,,,,,,
202012,1123002680,1,1,,,,,,,,,,,,,,,,,,
202012,1123002690,1,,,,,1,,,,,,,,,,,,,,
202012,1123002691,1,,,,,,,,,,,,,,,,,,,
202012,1123002692,1,,,,,,,,,,,,,,,,,,,
202012,1123002694,1,,,,,,,,,,,,,,,,,,,
202012,1123002698,2,,,,,,,,,,,,,,,,,,,2
202012,1123002701,2,,,,,,,,,,,,,,,,,,,1
202012,1123002702,1,,,,,,,,,,,,,,,,,,,
202012,1123002706,1,,,,,,,,,,,,,,,,,,,
202012,1123002707,3,,,,,,,,,,,,,,,,,,,2
202012,1123002708,1,,,,,,,,,,,,,,1,,,,,
202012,1123002717,2,,,,,,,,,,,,,,,,,,,2
202012,1123002719,1,,,,,,,,,,,,,,,,,,,1
202012,1123002720,1,1,,,,,,,,,,,,,,,,,,
202012,1123002724,2,,,,,,,,,,,,,,,,,,,
202012,1123002729,2,,,,,,,,,,,,,,,,,,,2
202012,1123002733,1,,,,,,,,,,,,,,,,,,,1
202012,1123002734,1,,,,,,,,,,,,,,,,,,,1
202012,1123002739,1,,,,,1,,,,,,,,,,,,,,
202012,1123002741,2,,,,,,,,,,,,,,,,,,,
202012,1123002742,1,,,,,,,,,,,,,,,,,,,1
202012,1123002747,1,,,,,,,,,,,,,,,,,,,1
202012,1123002756,2,,,,,,,,,,,,,,,,,,,
202012,1123002766,2,,,,,,,,,,,,,,,,,,,
202012,1123002772,1,,,,,,,,,,,,,,,,,,,
202012,1123002776,2,,,,,,,,,,,,,,,,,,,
202012,1123002785,1,,,,,,,,1,,,,,,,,,,,
202012,1123002797,1,,,,,,,,,,,,,,,,,,,
202012,1123002800,1,,,,,,1,,,,,,,,,,,,,
202012,1123002807,1,,,,,,,,,1,,,,,,,,,,
202012,1123002814,1,,,,,,,,,,1,,,,,,,,,
202012,1123002818,1,,,,,,,,,,,,,,,,,,,
202012,1123002824,1,,,,,,,,,,,,,,,,,,,1
202012,1123002828,1,,,,,,1,,,,,,,,,,,,,
202012,1123002831,1,,,,,,,,,,,,,,,,,,,
202012,1123002832,2,,,,,,,1,,,,,,,,,,,,1
202012,1123002834,12,1,,,,,,,,,,,,,,,,,,1
202012,1123002835,1,,,,,,,,,,,,,,,,,,,1
202012,1123002839,2,,,,,,,,,,,,,,,,,,,1
202012,1123002840,4,3,,,,,,,,,,,,,,,,,,
202012,1123002841,3,,,,,,,,,,,,,,,,,,,
202012,1123002844,2,,,,,,,,,,,,,,,,,,,
202012,1123002846,3,,,,,,,,,,,,,,,,,,,1
202012,1123002854,1,,,,,,,,,,,,,,,,,,,
202012,1123002856,2,,,,,,,,,,,,,,,,,,,
202012,1123002863,1,,,,,,,,,,,,,,,,,,,
202012,1123002865,2,,,,,,,,,,,,,,,,,,,
202012,1123002871,1,,,,,,,,,,,,,,,,,,,
202012,1123002876,1,,,,,,,1,,,,,,,,,,,,
202012,1123002887,1,,,,,,,,,,,,,,,,,,,
202012,1123002888,1,,,,,,,,,,,,,,,,,,,
202012,1123002889,2,,1,,,,,,,,,,,,,,,,,
202012,1123002891,6,1,1,,,1,,,,,,,,,,,,,,
202012,1123002893,1,1,,,,,,,,,,,,,,,,,,
202012,1123002894,1,,,,,,,,,,,,,,,,,,,1
202012,1123002895,3,,,,,,,,,,,,,,,,,,,2
202012,1123002898,2,,,,,,,,,,,,,,,,,,,
202012,1123002899,1,,,,,,,,,,,,,,,,,,,1
202012,1123002900,2,,,,,,,,,,,,,,,,,,,
202012,1123002901,1,,,,,,,,,,,,,,,,,,,
202012,1123002905,1,,,,,,,,,,,,,,,,,,,
202012,1123002908,2,,,,,,,,,,,,,,,,,,,2
202012,1123002909,1,,,,,,,,,,,,,,,,,,,
202012,1123002914,1,,,,,,,,,,,,,,,,,,,
202012,1123002918,1,,,,,,1,,,,,,,,,,,,,
202012,1123002919,1,,,,,,,1,,,,,,,,,,,,
202012,1123002924,1,,,,,1,,,,,,,,,,,,,,
202012,1123002925,1,,,,,,,,,,,,,,,,,,,1
202012,1123002926,3,,,,,3,,,,,,,,,,,,,,
202012,1123002929,3,,,,,,,,,,,,,,,,,,,
202012,1123002933,2,,1,,,1,,,,,,,,,,,,,,
202012,1123002937,9,,1,1,,4,,,,,,,,,,,,,,1
202012,1123002938,3,,,,,,,,,,1,,,,,,,,,1
202012,1123002939,18,1,1,,,,,1,1,1,13,,,,,,,,,
202012,1123002940,2,,,,,,,,,,,,,,,,,,,
202012,1123002941,1,,,,,,,,,,,,,,,,,,,1
202012,1123002942,1,,,,,,,,,,,,,,,,,,,
202012,1123002943,4,,,,,,,,,,,,,,,,,,,1
202012,1123002946,2,,,,,,,,,,,,,,,,,,,
202012,1123002947,2,,,,,1,,,,,,,,,,,,,,
202012,1123002952,1,,,,,,,,,,,,,,,,,,,
202012,1123002953,2,,,,,,,,,,,,,,,,,,,
202012,1123002955,7,,,,,,,,,,,,,,,,,,3,2
202012,1123002956,11,,,,,1,,,,,,,,,,,,,,6
202012,1123002957,1,1,,,,,,,,,,,,,,,,,,
202012,1123002959,1,,,,,,,,,,,,,,1,,,,,
202012,1123002960,1,,,,,,,,,,,,,,,,,,,
202012,1123002961,1,,,,,,,,,,,,,,,,,,,
202012,1123002965,2,,,,,,,,,,,,,,,,,,,2
202012,1123002966,2,,,,,1,,,,,,,,,,,,,,
202012,1123002967,5,,,,,1,,,,,,,,,,,,,,1
202012,1123002970,1,,,,,,,,,,,,,,,,,,,
202012,1123002971,1,,,,,1,,,,,,,,,,,,,,
202012,1123002972,1,,,,,,,,,,,,,,,,,,,
202012,1123002973,1,,,,,,,,,,,,,,,,,,,
202012,1123002974,1,,,,,,,,,,,,,,,,,,,
202012,1123002982,2,,,,,1,,,,,,,,,,,,,,
202012,1123002990,1,,,,,,,,,,,,,,,,,,,1
202012,1123002991,4,,1,,,1,,,,,,,,,,,,,,
202012,1123002993,1,,,,,,,,,,,,,,,,,,,
202012,1123003002,1,,,,,,,,,,,,,,,,,,,
202012,1123003020,2,,,,,,,,,,,,,,,,,,,
202012,1123003029,1,,,,,,,,,,,,,,,,,,,
202012,1123003031,1,1,,,,,,,,,,,,,,,,,,
202012,1123003032,5,,,,,1,,,,,,,,,,,,,,1
202012,1123003043,1,,,,,,,,,,,,,,,,,,,
202012,1123003051,1,,,,,,,,,,,,,,,,,,,
202012,1123003058,1,,,,,1,,,,,,,,,,,,,,
202012,1123003063,3,,,,,1,,,,,,,,,,,,,,
202012,1123003064,1,,,,,,,,,,,,,,,,,,,1
202012,1123003067,1,,,,,,,,,,,,,,,,,,,
202012,1123003068,1,,,,,,,,,,,,,,,,,,,
202012,1123003069,1,,,,,1,,,,,,,,,,,,,,
202012,1123003070,2,,,,,1,,,,,,,,,,,,,,1
202012,1123003074,1,,,,,,,,,,,,,,,,,,,1
202012,1123003085,1,,,,,,,,,,,,,,,,,,,
202012,1123003094,1,,,,,,,,,,,,,,,,,,,1
202012,1123003095,1,,,,,,,,,,,,,,,,,,,
202012,1123003100,1,,,,,,,,,,,,,,,,,,,
202012,1123003107,7,,,,,,,,,,,,,,,,,,,
202012,1123003113,2,,,,,,,,,,,,,,,,,,,2
202012,1123003114,1,,,,,,,,,1,,,,,,,,,,
202012,1123003118,2,,,,,,,,,,,,,,,,,,,
202012,1123003120,4,,,,,,,,,,,,,,,,,,,4
202012,1123003124,2,,,,,,,,,1,,,,,,,,,,1
202012,1123003129,2,,,,,,,,,,,,,,,,,,,2
202012,1123003137,5,2,,,,,,,,,,,,,,,,,,2
202012,1123003139,1,,,,,,,,1,,,,,,,,,,,
202012,1123003143,1,,,,,,,,1,,,,,,,,,,,
202012,1123003145,1,,,,,,,1,,,,,,,,,,,,
202012,1123003147,2,,,,,,1,1,,,,,,,,,,,,
202012,1123003157,1,,,,,,,,,1,,,,,,,,,,
202012,1123003161,1,,,,,,,,,,1,,,,,,,,,
202012,1123003167,2,,,,,,,,,,,,,,,,,,,2
202012,1123003171,1,,,,,,,,1,,,,,,,,,,,
202012,1123003177,1,,,,,1,,,,,,,,,,,,,,
202012,1123003185,1,,,,,,,,,,,,,,,,,,,1
202012,1123003191,1,,,,,,,,,,,,,,,,,,,1
202012,1123003199,1,,,,,,,,,,,,,,,,,,,
202012,1123003207,1,,,,,,,,,,,,,,,,,,,1
202012,1123003213,2,1,,,,,,,,,,,,,,,,,,
202012,1123003214,1,,,,,,,,,,,,,,,,,,,
202012,1123003219,1,,,,,,,,,,,,,,,,,,,
202012,1123003222,1,,,,,1,,,,,,,,,,,,,,
202012,1123003225,4,,,,,,,,,,,,,,,,,,,
202012,1123003226,3,,,,,,,,,,,,,,,,,,,2
202012,1123003227,6,,,,,3,,,,,,,,,,,,,,1
202012,1123003228,1,,,,,,,,,,,,,,,,,,,
202012,1123003229,1,1,,,,,,,,,,,,,,,,,,
202012,1123003230,10,1,1,1,,,,,,,3,,,,,,,,,
202012,1123003232,2,,,,,,,,,,,,,,,,,,,2
202012,1123003237,1,,,,,,,,,,,,,,,,,,,
202012,1123003243,3,,,,,,,,,,,,,,,,,,,2
202012,1123003244,3,,,,,,,,,,,,,,,,,,,2
202012,1123003245,1,,,,,,,,,,,,,,,,,,,1
202012,1129000001,2,,,,,,,,,,,,,,,,,,,
202012,1129000003,3,,,,,,,,,,,,,,,,,,,
202012,1129000007,2,,,,,1,,,,,,,,,,,,,,
202012,1129000008,4,,2,,,,,,,,,,1,,,,,,,
202012,1129000009,1,,,,,,,,,,,,,,,,,,,
202012,1129000012,5,,,,,1,,,,,,,,,,,,,,2
202012,1129000013,1,,,,,,,,,,,,,,,,,,,1
202012,1129000017,1,,,,,,,,,,,,,,,,,,,1
202012,1129000023,2,,,,,,,,,,,,,,,,,,,
202012,1129000026,1,,,,,,,,,,,,,,,,,,,
202012,1129000031,6,1,,,,,,,,,,,,,,,,,1,
202012,1129000032,2,,,,,,,,,,,,,,,,,,,2
202012,1129000042,6,,1,,,1,,,,,,,,,,,,,,
202012,1129000047,10,,,,,1,,,,,,,,,,,,,,1
202012,1129000049,6,,,,,3,,,,,,,,,,,,,,1
202012,1129000050,1,,,,,,,,,,,,,,,,,,,
202012,1129000051,4,,1,,,,,,,,,,,,,,,,,
202012,1129000059,1,,,,,,,,,,,,,,,,,,,
202012,1129000060,1,,,,,,,,,,,,,,,,,,,1
202012,1129000062,2,,,,,,,,,,,,,,,,,,,
202012,1129000064,2,,,,,,,,,,,,,,,,,,,
202012,1129000068,1,,,,,,,,,,,,,,,,,,,1
202012,1129000070,3,,,,,,,,,,,,,,,,,,,
202012,1129000074,2,,,,,,,,,,,,,,,,,,,1
202012,1129000075,2,,,,,,,,,,,,,,,,,,,
202012,1129000082,2,,,,,,,,,,,,,,,,,,,
202012,1129000084,1,,,,,,,,,,,,,,,,,,,
202012,1129000086,3,,,,,,,,,,,,,,,,,,,
202012,1129000091,5,,,,,1,,,,,,,,,,,,,,
202012,1129000095,1,,,,,,,,,1,,,,,,,,,,
202012,1129000099,1,,,,,,,,,,,,,,,,,,,
202012,1129000102,1,,,,,,1,,,,,,,,,,,,,
202012,1129000104,1,,,,,,,,,,,,,,,,,,,1
202012,1129000105,1,,,,,,,,,,,,,,,,,,,
202012,1129000111,1,,,,,,,,,,,,,,,,,,,1
202012,1129000116,2,,,,,,,,,,,,,,,,,,,
202012,1129000118,2,,,,,,,,,,,,,,,,,,,
202012,1129000121,1,,,,,,,,,,,,,,,,,,,1
202012,1129000123,1,,,,,,,1,,,,,,,,,,,,
202012,1129000126,1,,,,,,1,,,,,,,,,,,,,
202012,1129000133,1,,,,,,,,,,,,,,,,,,,
202012,1129000134,1,,,,,,,,,,,,,,,,,,,1
202012,1129000135,1,,,,,,,,,,,,,,,,,,,
202012,1129000136,1,,,,,,,,,,,,,,,,,,,
202012,1129000141,7,2,,,,1,,,,,,,,,,,,,,1
202012,1129000147,1,,,,,,,,,,,,,,,,,,,1
202012,1129000151,2,,,,,,,1,,,,,,,,,,,,1
202012,1129000156,1,,,,,,,,,,,,,,,,,,,1
202012,1129000158,6,,,,,1,,,,,,,,,,,,,,1
202012,1129000169,1,,,,,,,,,,,,,,,,,,,1
202012,1129000173,1,,,,,,,,,,,,,,,,,,,1
202012,1129000182,4,,,,,,,,,,,,,,,,,,,
202012,1129000189,1,,,,,,,,,,,,,,,,,,,1
202012,1129000190,1,,,,,,,,,,,,,,,,,,,
202012,1129000199,3,,,,,,,1,,,,,,,,,,,,2
202012,1129000200,1,,,,,,,,,,,,,,,,,,,1
202012,1129000202,1,,,,,,,,1,,,,,,,,,,,
202012,1129000205,5,,,,,,,,,,,,,,,,,,,2
202012,1129000212,1,,,,,,,,,,,,,,,,,,,1
202012,1129000215,1,,,,,,,,,,,,,,,,,,,
202012,1129000216,4,,,,,,,,,,,,,,,,,,,
202012,1129000218,1,,,,,,,,,,,,,,,,,,,1
202012,1129000221,1,,,,,,,,,,,,,,,,,,,
202012,1129000223,1,,,,,,,,,,,,,,,,,,,
202012,1129000224,2,,,,,,,,,,,,,,,,,,,
202012,1129000231,7,1,,,,1,,,,,,,,,,,,,,2
202012,1129000236,1,,,,,,,,,,,,,,,,,,,
202012,1129000237,2,,,,,,,,,,,,,,,,,,,
202012,1129000238,3,,,,,1,,,,,,,,,,,,,,2
202012,1129000240,1,,,,,,,,,,,,,,,,,,,
202012,1129000242,1,,,,,,,,,,,,,,,,,,,
202012,1129000243,1,1,,,,,,,,,,,,,,,,,,
202012,1129000245,1,,,,,1,,,,,,,,,,,,,,
202012,1129000246,2,,,,,,,,,,,,,,,,,,,
202012,1129000248,1,,,,1,,,,,,,,,,,,,,,
202012,1129000249,4,,,,1,1,,,,,,,,,,,,,,
202012,1129000250,1,,,,,,,,,,,,,,,,,,,
202012,1129000251,1,,,,,,,,,,,,,,,,,,,
202012,1129000253,7,1,,,,1,,,,,,,,,,,,,,2
202012,1129000255,6,1,,,,,,,,,,,,,,,,,,2
202012,1129000258,2,,,,,,,,,,,,,,,,,,,1
202012,1129000259,1,,,,,1,,,,,,,,,,,,,,
202012,1129000260,4,,,,,,,,,,,,,,,,,,,2
202012,1129000262,2,,,,,,,,,,,,,,,,,,,
202012,1129000263,1,,,,,,,,,,,,,,,,,,,
202012,1129000265,3,,,,,,,,,,,,,,,,,,,
202012,1129000267,2,1,,,,,,,,,,,,,,,,,,
202012,1129000273,2,,,,,1,,,,,,,,,,,,,,
202012,1129000275,1,,,,,1,,,,,,,,,,,,,,
202012,1129000280,2,,,,,,,,,,,,,,,,,,,2
202012,1129000284,10,,,,1,3,,,,,,,,,,,,,,
202012,1129000291,1,,,,,,,,,,,,,,,,,,,
202012,1129000302,1,,,,,,,,,,,,,,,,,,,
202012,1129000303,2,,,,,,,,,,,,,,,,,,,1
202012,1129000304,2,,,,,,,,,,,,,,,,,,,1
202012,1129000307,1,,,,,,,,,,,,,,,,,,,
202012,1129000317,4,,,,,1,,,,,,,,,,,,,,1
202012,1129000319,1,,,,,,,,,,,,,,,,,,,1
202012,1129000321,10,,,,,,,,,,,,,,,,,,,1
202012,1129000324,1,,,,,,,,,,,,,,,,,,,
202012,1129000325,1,,,,,,,,,,,,,,,,,,,
202012,1129000326,3,,,,,2,,,,,,,,,,,,,,1
202012,1129000330,2,,,,,,,,1,,,,,,,,,,,1
202012,1129000331,1,,,,,,,,,,,,,,,,,,,1
202012,1129000332,1,,,,,,,,,,,,,,,,,,,1
202012,1129000333,1,,,,,,1,,,,,,,,,,,,,
202012,1129000339,1,,,,,,,,,,,,,,,,,,,1
202012,1129000340,1,,,,,,,,,,,,,,,,,,,1
202012,1129000341,3,,,,,,,1,1,1,,,,,,,,,,
202012,1129000342,6,,,,,1,,,,,,,,,,,,,,
202012,1129000344,1,,,,,,,,,,,,,,,,,,,1
202012,1129000351,1,,,,,,1,,,,,,,,,,,,,
202012,1129000352,1,,,,,,,,,,,,,,,,,,,
202012,1129000353,1,,,,,,,,,,,,,,,,,,,1
202012,1129000355,2,,,,,1,,,,,,,,,,,,,,1
202012,1129000356,1,,,,,,,,,,,,,,,,,,,
202012,1129000360,1,,,,,,,,,,,,,,,,,,,1
202012,1129000394,1,,,,,,,,,,,,,,,,,,,
202012,1129000396,2,,,,,,,,,,,,,,,,,,,1
202012,1129000398,1,,,,,,,,,,,,,,,,,,,
202012,1129000399,1,,,,,,,1,,,,,,,,,,,,
202012,1129000401,3,,,,,,,,,,,,,,,,,,,3
202012,1129000402,1,,,,,,,,,,,,,,,,,,,
202012,1129000413,1,,,,,,,,,,,,,,,,,,,
202012,1129000417,5,1,,,,,,,,,,,,,,,,,,
202012,1129000419,1,,,,,,,,,,,,,,,,,,,
202012,1129000420,1,,,,,,,,,,,,,,,,,,,1
202012,1129000422,1,,,,,,,,,,,,,,,,,,,1
202012,1129000426,2,,,,,,,,,,,,,,,,,,,2
202012,1129000429,2,,,,,,,,,,,,,,,,,,,2
202012,1129000432,1,,,,,,,,,,,,,,,,,,,1
202012,1129000433,1,,,,,,1,,,,,,,,,,,,,
202012,1129000435,4,,,,,,1,,,,,,,,,,,,,3
202012,1129000437,4,,2,,,,,,,,,,,,,,,,,2
202012,1129000438,3,,,,,,,,,,,,,,,,,,,
202012,1129000439,1,,,,,,,,,,,,,,,,,,,
202012,1129000440,1,1,,,,,,,,,,,,,,,,,,
202012,1129000441,5,,,,,2,,,,,,,,,,,,,,
202012,1129000442,1,,,,,,,,,,,,,,,,,,,
202012,1129000447,1,,,,,,,,,,,,,,,,,,,1
202012,1129000448,2,,,,,,1,1,,,,,,,,,,,,
202012,1129000449,5,,,,,,,,,,,,,,,,,,,2
202012,1129000451,4,,,,,,1,,,,,,,,,,,,,3
202012,1129000452,1,,,,,,,,,,,,,,,,,,,1
202012,1129000453,1,,,,,,,,,,,,,,,,,,,1
202012,1129000454,1,,,,,1,,,,,,,,,,,,,,
202012,1129000455,1,,,,,,,,,,,,,,,,,,,1
202012,1129000457,1,,,,,,,,,,,,,,,,,,,
202012,1129000464,1,,,,,,,,,,,,,,,,,,,1
202012,1129000469,1,1,,,,,,,,,,,,,,,,,,
202012,1129000472,1,,,,,,,,,,,,,,,,,,,1
202012,1129000480,1,,,,,,,,,,,,,,,,,,,1
202012,1129000481,1,,,,,,,,,,,,,,,,,,,1
202012,1129000482,5,,,,,,,,,,,,,,,,,,,
202012,1129000491,1,1,,,,,,,,,,,,,,,,,,
202012,1129000498,1,,,,,,1,,,,,,,,,,,,,
202012,1129000499,2,,,,,,,,,,,,,,,,,,,2
202012,1129000502,1,,,,,,,,,,,,,,,,,,,
202012,1129000503,3,,,,,,,,,,,,,,,,,,,
202012,1129000505,2,,,,,,,,,,,,,,,,,,,2
202012,1129000506,1,,,,,,,,,,,,,,,,,,,1
202012,1129000508,2,,,,,,,,,,,,,,,,,,,
202012,1129000510,3,,,,,,,,,,,,,,,,,,,2
202012,1129000514,1,,,,,,,,,,,,,,,,,,,
202012,1129000515,1,,,,,,,,,,,,,,,,,,,1
202012,1129000517,3,,,,,,1,,,,,,,,,,,,,
202012,1129000525,2,,,,,,,,,,,,,,,,,,,
202012,1129000528,4,1,,,,,,,,,,,,1,,,,,,2
202012,1129000530,1,,,,,,,,,,,,,,,,,,,1
202012,1129000532,4,,,,,,,,,,,,,,,,,,,2
202012,1129000534,1,,,,,1,,,,,,,,,,,,,,
202012,1129000536,3,,,,,,,,,,,,,,,,,,,2
202012,1129000540,1,,,,,,,,,,,,,,,,,,,1
202012,1129000545,1,,,,,,,,,,,,,,,,,,,
202012,1129000546,1,,,,,,,,,,,,,,,,,,,1
202012,1129000547,1,,,,,,,,,,,,,,,,,,,1
202012,1129000567,2,,,,,,,,,,1,,,,,,,,,1
202012,1129000568,3,,,,,,,,,,,,,,,,,,,1
202012,1129000569,1,,,,,,,,,,,,,,,,,,,1
202012,1129000572,2,,,,,1,,,,,1,,,,,,,,,
202012,1129000576,1,,,,,1,,,,,,,,,,,,,,
202012,1129000587,1,,,,,,,,,,,,,,,,,,,1
202012,1129000591,3,,,,,,,,,,1,,,,,,,,,
202012,1129000592,4,,,,,,,,,,,,,,,,,,,
202012,1129000593,1,,,,,,,,,,,,,,,,,,,
202012,1129000595,3,,,,,1,,,,,,,,,,,,,,
202012,1129000596,2,,,,,,,,,,,,,,,,,,,
202012,1129000597,3,,,,,,,,,,,,,,,,,,,
202012,1129000600,2,,,,,,,,,,,,,,,,,,,
202012,1129000601,1,,,,,,,,,,,,,,,,,,,
202012,1129000602,2,,1,,,,,,,,,,,,,,,,,
202012,1129000603,7,,,,,1,,,,,,,,1,,,,,,
202012,1129000604,1,,,,,,,,,,,,,,,,,,,
202012,1129000605,12,,1,,,1,,,,,,,,,,,,,1,
202012,1129000607,10,,,,,,1,,,,9,,,,,,,,,
202012,1129000608,6,,1,,,,,,,,,,,,,,,,,
202012,1129000609,1,,,,,,,,,,,,,,,,,,,
202012,1129000610,6,,1,,,1,,,,,,,,,,,,,,1
202012,1129000612,5,,,,,,,,,,,,,,,,,,,2
202012,1129000615,2,,,,,,,,,,,,,,,,,,,
202012,1129000617,2,,,,,,,,,,,,,,,,,,,
202012,1129000619,1,,,,,,,,,,,,,,,,,,,
202012,1129000624,4,,,,,,,,,,,,,,,,,,,2
202012,1129000625,1,,,,,,,1,,,,,,,,,,,,
202012,1129000627,3,,,,,,,,,,,,,,,,,,,
202012,1129000628,1,1,,,,,,,,,,,,,,,,,,
202012,1129000629,3,,,,,1,,,,,,,,,,,,,,
202012,1129000632,4,,,,,1,,,,,,,,,,,,,,
202012,1129000635,1,,,,,,,,,,,,,,,,,,,
202012,1129000636,4,,,,,,,,,,,,,,,,,,,1
202012,1129000638,2,,,,,1,,,,,,,,,,,,,,
202012,1129000639,3,,,,1,1,,,,,,,,,,,,,,
202012,1129000640,1,,,,,,,,,1,,,,,,,,,,
202012,1129000649,1,,,,,,,,,,,,,,,,,,,
202012,1129000657,2,,,,,,,,2,,,,,,,,,,,
202012,1129000662,1,,,,,,,,,,,,,,,,,,,
202012,1129000665,2,,,,,1,,,,,,,,,,,,,,
202012,1129000670,1,,,,,,,,,,,,,,,,,,,
202012,1129000672,2,,,,,,,,,,,,,,,,,,,
202012,1129000677,1,,,,,,,,,,,,,,,,,,,
202012,1129000679,1,,,,,,,,,,,,,,,,,,,
202012,1129000680,1,,,,,,,,,,,,,,,,,,,
202012,1129000692,2,,,,,1,,,,,,,,,,,,,,
202012,1129000695,1,,,,,,,,,,,,,,,,,,,
202012,1129000696,2,,,,,1,,,,,,,,,,,,,,
202012,1129000700,3,,,,,,,,,,,,,,,,,,,2
202012,1129000702,3,,,,,,,,,,,,,,,,,,,
202012,1129000704,1,,,,,,,,,,,,,,,,,,,1
202012,1129000718,3,,,,,,,,,,,,,,,,,,,1
202012,1129000720,2,,,,,,,,,,,,,,,,,,,2
202012,1129000725,1,,,,,,,1,,,,,,,,,,,,
202012,1129000726,1,,,,,,,,,,,,,,,,,,,
202012,1129000727,1,,,,,,,,,,,,,,,,,,,
202012,1129000741,1,,,,,,,1,,,,,,,,,,,,
202012,1129000743,2,,1,,,1,,,,,,,,,,,,,,
202012,1129000746,1,,,,,,,,,,,,,,,,,,,
202012,1129000747,1,1,,,,,,,,,,,,,,,,,,
202012,1129000750,1,,,,,,,,,,,,,,,,,,,
202012,1129000753,1,,,,,,,,,,,,,,,,,,,
202012,1129000755,2,,,,,,,,,,,,,,,,,,,
202012,1129000758,4,1,,,,,,,,,,,,,,,,,,1
202012,1129000761,1,1,,,,,,,,,,,,,,,,,,
202012,1129000770,1,,,,,,,,,,,,,,,,,,,1
202012,1129000774,1,,,,,,,,,,,,,,,,,,,
202012,1129000784,1,,,,,,,,,,,,,,,,,,,
202012,1129000792,1,,,,,,,,,,,,,,,,,,,1
202012,1129000794,3,,1,,,,,,,,,,,,,,,,,1
202012,1129000796,1,,,,,,,,,,,,,,,,,,,1
202012,1129000798,1,,,,,1,,,,,,,,,,,,,,
202012,1129000806,1,,,,,,,,,,,,,,,,,,,
202012,1129000809,1,,,,,,,1,,,,,,,,,,,,
202012,1129000811,1,,,,,,,,,,,,,,,,,,,
202012,1129000814,1,,,,,,,,,,,,,,1,,,,,
202012,1129000815,1,,,,,,,,,,,,,,,,,,,
202012,1129000818,1,,,,,,,,,,,,,,,,,,,
202012,1129000819,8,,,,,2,,,,,,,,,,,,,,
202012,1129000823,4,,1,,,1,,,,,,,,,,,,,,
202012,1129000831,1,,,,,,,,,,,,,,,,,,,
202012,1129000832,1,,,,,,,,,,,,,,,,,,,
202012,1129000837,3,,,,,,,,,,,,,,,,,,1,
202012,1129000840,3,,,,,,,,,,,,,,,,,,,1
202012,1129000842,2,,,,,,,,,,,,,,,,,,,
202012,1129000845,1,,,,,,,,,,,,,,,,,,,1
202012,1129000856,7,,1,,,1,,,,,,,,,,,,,,1
202012,1129000858,7,,,,,,,,,,,,,,,,,,1,1
202012,1129000859,1,,,,,,,,,,,,,,,,,,,
202012,1129000860,1,,,,,,,,,,,,,,,,,,,1
202012,1129000861,1,1,,,,,,,,,,,,,,,,,,
202012,1129000862,1,,,,,,,,,,,,,,,,,,,
202012,1129000865,1,,,,,,,,,,,,,,,,,,,
202012,1129000867,1,,,,,,,,,,,,,,,,,,,
202012,1129000871,3,,,,,,,,,,,,,,,,,,,
202012,1129000872,1,,,,,,,,,,,,,,,,,,,
202012,1129000876,5,,,,,,,,,,,,,,,,,,,4
202012,1129000878,1,,,,,,,,,,,,,,,,,,,1
202012,1129000884,2,,,,,,,,1,,1,,,,,,,,,
202012,1129000890,1,,,,,,,,,,,,,,,,,,,1
202012,1129000897,3,,,,,,,,,1,,,,,,,,,,2
202012,1129000907,14,1,1,,,,,,,,12,,,,,,,,,
202012,1129000909,1,,,,,,,,,,,,,,,,,,,1
202012,1129000913,2,,,,,,,,,,,,,,,,,,,
202012,1129000918,1,,,,,,,,,,,,,,,,,,,
202012,1129000931,1,,,,,,,,,,,,,,,,,,,1
202012,1129000935,2,,,,,,,,,,,,,,,,,,,
202012,1129000940,1,,,,,,,,,,,,,,,,,,,
202012,1129000950,1,,,,,,,,,,,,,,,,,,,1
202012,1129000951,1,,,,,,,,,,,,,,,,,,,1
202012,1129000952,2,,,,,,,,,,,,,,,,,,,1
202012,1129000955,3,,,,,,,,,,,,,,,,,,,3
202012,1129000958,1,,,,,,,,,,,,,,,,,,,
202012,1129000963,1,,,,,,,,,,,,,,,,,,,1
202012,1129000965,2,,,,,,,,,,,,,,,,,,,
202012,1129000966,1,,,,,,,,,,,,,,,,,,,
202012,1129000975,4,1,,,,,,,,,,,,,,,,,,1
202012,1129000977,1,,,,,1,,,,,,,,,,,,,,
202012,1129000978,1,,,,,,,,,,,,,,,,,,,
202012,1129000979,1,,,,,,,,,,,,,,,,,,,1
202012,1129000982,1,,,,,,,,,1,,,,,,,,,,
202012,1129000992,1,,,,,,,,,,,,,,,,,,,
202012,1129000993,1,,,,,,,1,,,,,,,,,,,,
202012,1129001004,1,,,,,,,,,,,,,,,,,,,
202012,1129001008,2,,,,,1,,,,,,,,,,,,,,
202012,1129001020,1,,,,,,,,,,,,,,,,,,,1
202012,1129001022,1,,,,,,,,,,,,,,,,,,,1
202012,1129001027,2,,,,,,,,,,,,,,,,,,,1
202012,1129001028,2,,,,,,,,,,,,,,,,,,,
202012,1129001034,1,,,,,,,,,,,,,,,,,,,1
202012,1129001037,2,,,,,,,,,,,,,,,,,,,2
202012,1129001038,2,,,,,,,,,,,,,,,,,,,2
202012,1129001039,1,,,,,,,,,,,,,,,,,,,
202012,1129001042,1,,,,,,,,,,,,,,,,,,,1
202012,1129001043,5,,1,,,,,,,,,,,,,,,,,
202012,1129001046,2,1,,,,,,,,,,,,,,,,,,1
202012,1129001049,1,,,,,,,,,,,,,,,,,,,1
202012,1129001057,2,,,,,,,,,,,,,,,,,,,1
202012,1129001058,1,,,,,,,,,,,,,,,,,,,1
202012,1129001059,2,,,,,1,,,,,,,,,,,,,,
202012,1129001061,2,,,,,,,,,,,,,,,,,,,
202012,1129001066,1,,,,,,,,,,,,,,,,,,,
202012,1129001069,2,,,,,,,,,,,,,,,,,,,1
202012,1129001070,10,,,,,2,,,,,,,,,,,,,1,1
202012,1129001077,2,,,,,,,,,,,,,,,,,,,
202012,1129001078,1,,,,,,,,,,,,,,,,,,,
202012,1129001084,1,,,,,,,,,,,,,,,,,,,1
202012,1129001087,3,1,1,,,,,,,,,,,,,,,,,
202012,1129001089,9,,,,,2,,,,,,,,,,,,,,2
202012,1129001090,2,,,,,,,,,,1,,,,,,,,,
202012,1129001096,3,,,,,2,,,,,,,,,,,,,,
202012,1129001097,1,,,,,,,,,,,,,,,,,,,
202012,1129001098,1,1,,,,,,,,,,,,,,,,,,
202012,1129001104,3,,,,,,,,,,,,,,,,,,,
202012,1129001105,2,,,,,1,,,,,,,,,,,,,,
202012,1129001108,4,1,,,,1,,,,,,,,,,,,,,
202012,1129001109,1,,,,,,,,,,,,,,,,,,,
202012,1129001116,3,1,,,,,,,,,,,,,,,,,,2
202012,1129001117,2,,,,,,,,,,,,,,,,,,,1
202012,1129001120,1,,,,,,,,,,,,,,,,,,,
202012,1129001122,3,,1,,,,,,,,,,,,,,,,,1
202012,1129001123,1,,,,,,,,,,,,,,,,,,,
202012,1129001126,1,,,,,,,,,,,,,,,,,,,1
202012,1129001128,1,,,,,,,,,,,,,,,,,,,
202012,1129001129,1,,,,,,,,,,,,,,,,,,,
202012,1129001130,2,,,,,,,,,,,,,,,,,,,2
202012,1129001131,2,,,,,1,,,,,,,,,,,,,,
202012,1129001135,1,,,,,,,,,,,,,,,,,,,
202012,1129001136,1,,,,,,,,,,,,,,,,,,,
202012,1129001138,1,,1,,,,,,,,,,,,,,,,,
202012,1129001140,6,,,,,2,,,,,,,,,,,,,,
202012,1129001141,4,,,,,,,,,,,,,,,,,,1,2
202012,1129001156,1,,,,,,,,,,,,,,,,,,,
202012,1129001169,1,,,,,,,,,,,,,,,,,,,1
202012,1129001177,1,,,,,,,,,,,,,,,,,,,1
202012,1129001187,1,,,,,,,,,,,,,,,,,,,
202012,1129001193,1,,,,,,,,,,,,,,,,,,,
202012,1129001206,3,,,,,1,,,,,,,,,1,,,,,
202012,1129001209,1,,,,,,,,,,,,,,,,,,,
202012,1129001212,1,,,,,,,,,,,,,,,,,,,1
202012,1129001213,1,,,,,,,,,,,,,,,,,,,1
202012,1129001220,2,,,,,,,,,,,,,,,,,,,
202012,1129001222,2,,,,,1,,,,,,,,,,,,,,
202012,1129001226,1,,,,,,,,,,,,,,,,,,,
202012,1129001233,1,,,,,,,,,,,,,,,,,,,
202012,1129001237,1,1,,,,,,,,,,,,,,,,,,
202012,1129001239,2,,,,,1,,,,,,,,,,,,,,1
202012,1129001244,5,,,,,2,,,,,,,,,,,,,,1
202012,1129001250,1,,,,,,,,,,,,,,,,,,,
202012,1129001258,1,,,,,,,,,,,,,,,,,,,
202012,1129001262,1,,,,,,,,,,,,,,,,,,,
202012,1129001276,1,,,,,,,,,,,,,,,,,,,
202012,1129001289,3,,,,,1,,,,,,,,,,,,,,
202012,1129001291,1,,,,,,,,1,,,,,,,,,,,
202012,1129001306,1,,,,,,,,,,,,,,,,,,,
202012,1129001312,1,,1,,,,,,,,,,,,,,,,,
202012,1129001315,3,,,,,,,,,,,,1,,,,,,,1
202012,1129001317,1,,,,,,,,,,,,,,,,,,,
202012,1129001321,1,,,,,,,,,,,,,,,,,,,
202012,1129001322,6,,1,,,1,,,,,,,,,,,,,,1
202012,1129001327,1,,,,,,,,,,,,,,,,,,,1
202012,1129001328,1,1,,,,,,,,,,,,,,,,,,
202012,1129001333,1,,,,,,,,,,,,,,,,,,,
202012,1129001338,2,,,,,,,,,,,,,,,,,,,1
202012,1129001342,1,,,,,,,1,,,,,,,,,,,,
202012,1129001345,1,,,,,1,,,,,,,,,,,,,,
202012,1129001346,1,,,,,,,,,,,,,,,,,,,
202012,1129001352,1,,,,,,,,,,,,,,1,,,,,
202012,1129001354,1,,,,,,,,,,,,,,,,,,,1
202012,1129001360,1,,,,,1,,,,,,,,,,,,,,
202012,1129001371,3,,,,,,1,,,,,,,,,,,,,
202012,1129001376,1,,,,,1,,,,,,,,,,,,,,
202012,1129001377,2,,,,,,,,,,,,,,,,,,,
202012,1129001382,2,,,,,,,,,,,,,,,,,,,
202012,1129001387,1,,,,,,,,,,,,,,,,,,,
202012,1129001390,1,,,,,,,,,,,,,,,,,,,
202012,1129001391,1,,,,,,,,,,,,,,,,,,,
202012,1129001392,1,,,,,,,,,,,,,,,,,,,
202012,1129001395,1,,,,,,,,,,,,,,,,,,,
202012,1129001416,1,,,,,,,,,,,,,,,,,,,
202012,1129001420,1,,,,,,,,,,,,,,,,,,,
202012,1129001421,1,,,,,1,,,,,,,,,,,,,,
202012,1129001422,15,,,,,2,,,,,,,,,,,,,,2
202012,1129001427,1,,,,,,,,,,,,,,,,,,,
202012,1129001428,2,,,,,,,,,1,,,,,,,,,,1
202012,1129001429,1,,,,,,,,,,,,,,,,,,,
202012,1129001435,3,,,,,,,,,,,,,,,,,,,3
202012,1129001438,1,1,,,,,,,,,,,,,,,,,,
202012,1129001440,1,,,,,,,1,,,,,,,,,,,,
202012,1129001444,7,,,,,,,,,,,,,,,,,,,
202012,1129001446,1,,,,,,,,,,,,,,,,,,,
202012,1129001449,1,,,,,,,,,,,,,,,,,,,1
202012,1129001450,1,,,,,,,,,,,,,,,,,,,1
202012,1129001451,1,,,,,1,,,,,,,,,,,,,,
202012,1129001454,1,,,,,,,,,,,,,,,,,,,
202012,1129001460,1,,,,,,,,,,,,,,,,,,,1
202012,1129001465,2,,,,,,,,,,,,,,,,,,,1
202012,1129001468,2,1,,,,,,,,,,,,,,,,,,1
202012,1129001478,2,,,,,1,,,,,,,,,,,,,,
202012,1129001479,1,,,,,,1,,,,,,,,,,,,,
202012,1129001487,3,,,,,,,,,,,,,,,,,,,
202012,1129001492,4,,,,,,,,,,,,,,,,,,,
202012,1129001500,1,,,,,,,,,,,,,,,,,,,
202012,1129001503,2,1,,,,,,,,,,,,,,,,,,1
202012,1129001508,1,,,,,,,,,,,,,,,,,,,
202012,1129001512,2,,,,,1,,,,,,,,,,,,,,
202012,1129001515,2,,,,,,,,,,,,,,,,,,,1
202012,1129001517,3,1,,,,,,,,,,,,,,,,,,1
202012,1129001527,3,,1,,,,,,,,,,,,,,,,,
202012,1129001529,1,,,,,,,,,,,,,,,,,,,
202012,1129001530,2,,,,,,,,,,,,,,,,,,,
202012,1129001536,1,,,,,,,,,,,,,,,,,,,1
202012,1129001537,8,,,,,,,,,,,,,,,,,,2,3
202012,1129001539,4,,,,,,,,,,,,,,,,,,,3
202012,1129001541,1,,,,,,,,,,,,,,,,,,,
202012,1129001542,4,,,,,,,,,,,,,,,,,,,1
202012,1129001544,7,,1,,,2,,,,,,,,,,,,,,
202012,1129001546,1,,,,,,,,,,,,,,,,,,,1
202012,1129001547,3,,,,,1,,,,,,,,,,,,,,
202012,1129001548,2,,,,,,,,,,,,,,,,,,,2
202012,1129001549,4,,,,,1,,,,,,,,,,,,,,1
202012,1129001550,4,,,,,1,,,,,,,,,,,,,,1
202012,1129001554,4,1,,,,,,,,,,,,,,,,,,
202012,1129001561,1,,,,,,,,,,,,,,,,,,,1
202012,1129001562,1,1,,,,,,,,,,,,,,,,,,
202012,1129001563,1,,,,,,,,,,,,,,,,,,,
202012,1129001564,5,,,,,,1,,,,,,,,,,,,,
202012,1129001568,3,,,,,,,,,,,,,,,,,,,1
202012,1129001572,2,,,,,,,,,,,,,,,,,,,
202012,1129001575,3,,1,,,,,,,,,,,,,,,,,1
202012,1129001576,2,,,,,,,,,,,,,,,,,,,2
202012,1129001578,4,,,,,,,,,,,,,,,,,,,
202012,1129001581,1,,,,,1,,,,,,,,,,,,,,
202012,1129001582,1,,,,,,,,,,,,,,,,,,,
202012,1129001583,2,,,,,,,,,,,,,,,,,,,1
202012,1129001584,1,,,,,,,,,,,,,,,,,,,
202012,1129001585,1,,,,,,,,1,,,,,,,,,,,
202012,1129001586,1,,,,,,,,,,,,,,,,,,,
202012,1129001590,1,,,,,,,,,,,,,,,,,,,
202012,1129001603,1,,,,,,,,,,,,,,,,,,,1
202012,1129001604,1,,,,,,,,,,,,,,,,,,,1
202012,1129001610,9,1,,,,,,,,,,,,,,,,,,4
202012,1129001618,2,,,,,,,,,,,,,,,,,,,
202012,1129001623,1,1,,,,,,,,,,,,,,,,,,
202012,1129001624,1,,,,,,,,,,,,,,,,,,,1
202012,1129001625,2,,,,,,,,,,,,,,,,,,,
202012,1129001628,1,,,,,,,,,,,,,,,,,,,1
202012,1129001630,1,,,,,,,,,,,,,,,,,,,
202012,1129001639,2,,,,,,,,,,,,,,,,,,,2
202012,1129001640,2,,,,,,,,,,,,,,,,,,,2
202012,1129001644,4,,1,,,,,,,,,,,,,,,,,
202012,1129001646,2,,,,,,,,,,,,,,,,,,,2
202012,1129001647,1,,,,,,,,,,,,,,,,,,,
202012,1129001648,3,,,,,,,,,,,,,,,,,,,2
202012,1129001651,1,,,,,,,,,,,,,,,,,,,1
202012,1129001652,1,,,,,,,,,,,,,,,,,,,1
202012,1129001666,1,,,,,,,1,,,,,,,,,,,,
202012,1129001668,3,,,,,,,,,,,,,,,,,,,2
202012,1129001670,1,,,,,,,,,,,,,,,,,,,
202012,1129001673,2,,,,,,,,1,1,,,,,,,,,,
202012,1129001677,1,,,,,,,,,,,,,,,,,,,1
202012,1129001678,12,,,,,,1,,,,,,,,,,,,,3
202012,1129001680,7,,1,,,,,,,,,,,,,,,,,1
202012,1129001682,1,,,,,,,,,,,,,,,,,,,
202012,1129001683,7,,,,,,,,,,,,,,,,,,,1
202012,1129001685,2,,,,,,,,,,,,,,,,,,,1
202012,1129001695,2,,,,,,,,,,,,,,,,,,,1
202012,1129001696,1,,,,,,,,,,,,,,,,,,,1
202012,1129001698,3,,,,,,,,1,1,1,,,,,,,,,
202012,1129001699,5,1,,,,,,,,,,,,,,,,,,2
202012,1129001701,1,,,,,,,,,,,,,,,,,,,
202012,1129001703,1,,,,,,,,,,,,,,,,,,,
202012,1129001712,2,,,,,,,,,,,,,,,,,,,1
202012,1129001717,2,,,,,,,,,,2,,,,,,,,,
202012,1129001720,1,,,,,,,,,,,,,,,,,,,1
202012,1129001738,3,,,,,,,,,,1,,,,,,,,,2
202012,1129001742,3,1,,,,,,,,,,,,,,,,,,2
202012,1129001743,3,,,,,,,,,,1,,,,,,,,,2
202012,1129001752,1,,,,,,,,,,,,,,,,,,,1
202012,1129001755,1,,,,,,,,,,,,,,,,,,,
202012,1129001757,2,,,,,,,,,,,,,,,,,,,1
202012,1129001759,1,,,,,,,,,,,,,,,,,,,1
202012,1129001760,2,,,,,,,,,,,,,,,,,,,1
202012,1129001762,2,,,,,,,,,,,,,,,,,,,1
202012,1129001763,1,,,,,,,,,,,,,,,,,,,
202012,1129001775,1,,,,,1,,,,,,,,,,,,,,
202012,1129001777,1,1,,,,,,,,,,,,,,,,,,
202012,1129001791,1,,,,,,,,,,,,,,,,,,,1
202012,1129001792,1,,,,,,,,,,,,,,,,,,,
202012,1129001799,8,,,,,,,,,,,,,,,,,,,2
202012,1129001800,3,,1,,,,,,,,,,,,,,,,,
202012,1129001822,1,,,,1,,,,,,,,,,,,,,,
202012,1129001823,2,1,,,,,,,,,,,,,,,,,,
202012,1129001824,1,,,,,,,,,,,,,,,,,,,
202012,1129001830,1,,,,,,,,,,,,,,,,,,,
202012,1129001831,3,,,,,2,,,,,,,,,,,,,,
202012,1129001834,2,,,,,,,,,,,,,,,,,,,2
202012,1129001838,2,1,,,,,,,,,,,,,,,,,,
202012,1129001840,1,,,,,,,,,,,,,,,,,,,
202012,1129001841,1,,,,,,,,,,,,,,,,,,,1
202012,1129001843,4,,,,,3,,,,,,,,,,,,,,
202012,1129001845,3,,,,,,,,,,,,,,,,,,,1
202012,1129001848,27,,1,,,,,,,,23,,,,,,,,,3
202012,1129001849,1,,,,,,,,,,,,,,,,,,,1
202012,1129001851,2,,,,,,,,,,1,,,,,,,,,
202012,1129001852,3,,1,,,,,,,,,,,,,,,,,1
202012,1129001858,1,,1,,,,,,,,,,,,,,,,,
202012,1129001861,1,,,,,,,,,,,,,,,,,,,1
202012,1129001862,3,,1,,,,,,,,,,,,,,,,,1
202012,1129001868,1,,,,,,,,,,,,,,,,,,,
202012,1129001870,1,,,,,,,,,,,,,,,,,,,
202012,1129001871,3,,,,,1,,,,,,,,,,,,,,1
202012,1129001872,2,,,,,1,,,,,,,,,,,,,,
202012,1129001873,2,,,,,1,,,,,,,,,,,,,,
202012,1129001880,4,,,,,,,1,,,,,,,,,,,,3
202012,1129001905,11,,1,1,,1,,,,,2,,,,,,,,1,3
202012,1129001909,2,,,,,,,,1,1,,,,,,,,,,
202012,1129001911,1,,,,,,,,,,,,,,,,,,,1
202012,1129001915,2,,,,,,,,,,,,,,,,,,,2
202012,1129001919,1,,,,,,,,,,,,,,,,,,,1
202012,1129001926,1,,,,,,,,,,,,,,,,,,,1
202012,1129001936,1,,,,,,,,,,1,,,,,,,,,
202012,1129001941,1,,,,,,,,,,,,,,,,,,,
202012,1129001942,54,1,,,,,,,,,44,,,,,,,,,5
202012,1129001943,3,,,,,,,,,,,,,,,,,,,3
202012,1129001948,1,,,,,,,,,,,,,,,,,,,1
202012,1129001950,1,,,,,1,,,,,,,,,,,,,,
202012,1129001954,1,,,,,,,,,,,,,,,,,,,
202012,1129001955,1,,,,,,,,,,,,,,,,,,,
202012,1129001961,1,,,,,,,,,,,,,,,,,,,
202012,1129001964,1,,,,,,,,,,,,,,,,,,,
202012,1129001965,2,,,,,,,,,,,,,,,,,,,1
202012,1129001966,1,,,,,,,,,,,,,,,,,,,
202012,1129001967,3,,,,,,,,,,,,,,,,,,,1
202012,1129001970,2,1,1,,,,,,,,,,,,,,,,,
202012,1129001974,1,,,,,,,,,,,,,,,,,,,
202012,1129001976,1,,,,,,,,,,,,,,,,,,,1
202012,1129001982,1,,,,,,,,,,,,,,,,,,,
202012,1129001986,2,,,,,,,,,,,,,,,,,,,
202012,1129001991,1,,,,,,,,,,,,,,,,,,,
202012,1129001998,2,,,,,1,,,,,,,,,,,,,,1
202012,1129002000,1,,,,,,,,,,,,,,,,,,,
202012,1129002002,1,,,,,,,,,,,,,,1,,,,,
202012,1129002007,5,,1,,,1,,,,,,,,,,,,,,2
202012,1129002009,1,,,,,,,,,,,,,,,,,,,
202012,1129002015,2,,,,,,,,,,,,,,,,,,,
202012,1129002016,2,,,,,,,,,,,,,,,,,,,1
202012,1129002020,3,,,,,,,,,,,,,,,,,,,
202012,1129002021,1,,,,,,,,,,,,,,,,,,,
202012,1129002036,4,,1,,,,,,,,,,,,,,,,,2
202012,1129002046,6,,,,,,,,,,,,,,,,,,,3
202012,1129002047,1,,,,,,,,,,,,,,,,,,,
202012,1129002051,1,,,,,,,,,,,,,,,,,,,
202012,1129002053,1,,,,,,,,,,,,,,,,,,,
202012,1129002054,1,,,,,1,,,,,,,,,,,,,,
202012,1129002057,1,,,,,,,,,1,,,,,,,,,,
202012,1129002064,2,,,,,1,,,,,,,,,,,,,,
202012,1129002068,2,,,,,,,,,,,,,,,,,,,
202012,1129002071,1,,,,,,,,,,,,,,,,,,,
202012,1129002075,1,,,,,,,,,,,,,,,,,,,
202012,1129002080,3,,,,,1,,,,,,,,,,,,,,
202012,1129002084,1,,,,,,,,1,,,,,,,,,,,
202012,1129002087,1,,,,,,,,,,,,,,,,,,,
202012,1129002096,1,,,,,,,1,,,,,,,,,,,,
202012,1129002100,2,,,,,,,,,,,,,,,,,,,2
202012,1129002101,1,,,,,,,,,,,,,,,,,,,1
202012,1129002107,1,,,,,,,,,,,,,,,,,,,
202012,1129002116,1,,,,,,,,,,,,,,,,,,,1
202012,1129002118,2,,,,,2,,,,,,,,,,,,,,
202012,1129002121,1,,,,,,,,,,,,,,,,,,,1
202012,1129002123,1,,,,,,,1,,,,,,,,,,,,
202012,1129002129,4,,,,,,,,,,,,,,,,,,,2
202012,1129002131,1,,,,,,,,,,,,,,,,,,,1
202012,1129002137,4,,,,,,,,,,,,,,,,,,,
202012,1129002139,2,,,,,,,,,,,,,,,,,,,
202012,1129002143,2,,,,,,,,,,,,,,,,,,,
202012,1129002148,1,,,,,,,,,,,,,,,,,,,1
202012,1129002154,4,,,,,1,,,,,,,,,,,,,,2
202012,1129002156,6,1,,,,,,,,,,,,,,,,,,1
202012,1129002161,2,,,,,,,,,,,,,,,,,,,2
202012,1129002163,7,,,,,1,,,,,,,,,,,,,,3
202012,1129002167,1,,,,,,,,,,,,,,,,,,,
202012,1129002171,2,,,,,,,,,,,,,,,,,,,2
202012,1129002177,2,,,,,,,,,,,,,,,,,,,
202012,1129002179,1,,,,,,,,,,,,,,,,,,,1
202012,1129002182,1,,,,,,,,,,,,,,,,,,,
202012,1129002183,1,,,,,,,,,,,,,,,,,,,
202012,1129002192,1,,,,,,,,,,,,,,,,,,,1
202012,1129002193,1,,,,,,,,,,,,,,,,,,,1
202012,1129002195,6,,,,,2,,,,,,,,,,,,,1,
202012,1129002197,3,,1,,,,,,,,,,,,,,,,,
202012,1129002198,3,,,,,,,,,,,,,,,,,,,
202012,1129002201,3,1,,,,,,,,,,,,,,,,,,1
202012,1129002202,1,,,,,,,,,,,,,,,,,,,
202012,1129002204,1,,,,,,,,,,,,,,,,,,,
202012,1129002205,5,,,,,,,,,,,,,,,,,,,
202012,1129002208,4,,,,,1,,,,,,,,,,,,,,1
202012,1129002209,1,,,,,1,,,,,,,,,,,,,,
202012,1129002210,12,,1,,,5,,,,,,,,,,,,,,1
202012,1129002211,1,,,,,,,,,,,,,,,,,,,
202012,1129002212,2,,,,,1,,,,,,,,,,,,,,
202012,1129002213,3,,,,,,,,,,,,,,,,,,,1
202012,1129002215,3,,,,,,,,,,,,,,,,,,,1
202012,1129002216,1,1,,,,,,,,,,,,,,,,,,
202012,1129002218,3,,,,,,,,,,,,,,,,,,,3
202012,1129002219,4,,,,,,,,,,,,,,,,,,,2
202012,1129002221,4,,,,,,,,,,,,,,,,,,,1
202012,1129002223,1,,,,,1,,,,,,,,,,,,,,
202012,1129002224,1,,,,,,,,,,,,,,,,,,,1
202012,1129002228,1,,,,,,,,,,,,,,,,,,,
202012,1129002229,1,,1,,,,,,,,,,,,,,,,,
202012,1129002231,1,,,,,,,,,,,,,,,,,,,1
202012,1129002232,1,1,,,,,,,,,,,,,,,,,,
202012,1129002238,2,,,,,,,,,,,,,,,,,,,1
202012,1129002243,1,,,,,,,,,,,,,,,,,,,
202012,1129002249,4,,,,,,,,,,,,,,,,,,,1
202012,1129002250,4,1,,,,,,,,,,,,,,,,,,
202012,1129002254,3,,,,,,,,,,,,,,,,,,,3
202012,1129002259,3,,,,,,,,,,,,,,,,,,,1
202012,1129002261,1,,,,,,,,,,,,,,,,,,,
202012,1129002264,1,,,,,,,,,,,,,,,,,,,
202012,1129002265,1,,,,,,,,,,,,,,,,,,,
202012,1129002268,7,2,,,,,1,,,,,,,,,,,,,1
202012,1129002274,1,,,,,,1,,,,,,,,,,,,,
202012,1129002279,5,,,,,,,,1,,,,,,,,,,1,3
202012,1129002280,1,,,,,,,,,,1,,,,,,,,,
202012,1129002283,1,,,,,,,,,,,,,,,,,,,1
202012,1129002288,1,,,,,,,,,,,,,,,,,,,
202012,1129002289,4,,,,,1,,,,,,,,,,,,,,2
202012,1129002290,12,,,,,,,,,,11,,,,,,,,,1
202012,1129002292,1,,,,,,,,,,,,,,,,,,,
202012,1129002294,2,,,,,,,,,,,,,,,,,,,1
202012,1129002298,1,,,,,,,,,,,,,,,,,,,
202012,1129002307,1,,,,,,,,,,,,,,,,,,,
202012,1129002327,1,,1,,,,,,,,,,,,,,,,,
202012,1129002328,2,,,,,,,,,,,,,,,,,,,1
202012,1129002329,1,,,,,,,,,,,,,,,,,,,
202012,1129002330,1,,,,,,,,,,,,,,,,,,,
202012,1129002336,1,,,,,,,,1,,,,,,,,,,,
202012,1129002337,1,,,,,,,,,,,,,,,,,,,1
202012,1129002345,1,,,,,,,,,,,,,,,,,,,1
202012,1129002349,1,,,,,,,,,,,,,,,,,,,
202012,1129002350,1,,,,,,,,,,,,,,,,,,,1
202012,1129002355,1,,,,,,,,,,,,,,,,,,,1
202012,1129002369,1,,,,,,,,,,,,,,,,,,,
202012,1129002378,1,,,,,,,,,,,,,,,,,,,
202012,1129002379,1,,,,,,,,,,,,,,,,,,,1
202012,1129002387,1,,,,,,,,,,,,,,,,,,,
202012,1129002390,2,,,,,,,,,,,,,,,,,,,
202012,1129002391,3,,,,,,,,,,,,,,,,,,,
202012,1129002397,1,,,,,,,,,,,,,,,,,,,
202012,1129002403,1,,,,,,,,,,,,,,,,,,,
202012,1129002404,7,,,,,2,,,,,,,,,,,,,,2
202012,1129002406,1,,,,,,,,,,,,,,,,,,,
202012,1129002407,1,,,,,,,,,,,,,,,,,,,
202012,1129002409,1,,,,,,,,,,,,,,,,,,,
202012,1129002410,1,1,,,,,,,,,,,,,,,,,,
202012,1129002411,2,,,,,,,,,,,,,,,,,,,2
202012,1129002413,1,,,,,,,,,,,,,,,,,,,
202012,1129002414,2,1,,,,,,,,,,,,,,,,,,1
202012,1129002415,2,,,,,,,,,,,,,,,,,,,2
202012,1129002416,4,,,,,1,,,,,,,,,,,,,,2
202012,1129002419,1,,,,,,,,,,,,,,,,,,,1
202012,1129002420,1,,,,,,,,,,,,,,,,,,,
202012,1129002422,2,,,,,,,,,,,,,,,,,,,
202012,1129002423,3,,,,,,,,,,,,,,,,,,,2
202012,1129002424,2,,,,,,,,,,,,,,,,,,,
202012,1129002425,2,,,,,,,,,,,,,,,,,,,
202012,1129002427,2,1,,,,,,,,,,,,,,,,,,1
202012,1129002428,1,,,,,,,,,,,,,,,,,,,
202012,1129002429,1,,,,,,,,,,,,,,,,,,,1
202012,1129002430,2,,,,,,,,,,,,,,,,,,,
202012,1129002431,2,,,,,1,,,,,,,,,,,,,,1
202012,1129002433,2,,,,,1,,,,,,,,,,,,,,1
202012,1129002447,1,,,,,,,,,,,,,,,,,,,1
202012,1129002452,2,,,,,1,,,,,,,,,,,,,,1
202012,1129002454,1,,,,,,,,,,,,,,,,,,,1
202012,1129002455,1,,,,,,,,,,,,,,,,,,,
202012,1129002463,2,,1,,,,,,,,,,,,,,,,,
202012,1129002477,1,,,,,,,,,,,,,,,,,,,1
202012,1129002482,1,,,,,,,,,,,,,,,,,,,1
202012,1129002493,8,,,,,,6,,,,,,,,,,,,,
202012,1129002494,1,,,,,,,,,,,,,,,,,,,
202012,1129002497,1,,,,,,,,,,,,,,,,,,,1
202012,1129002499,1,,,,,,,,,,,,,,,,,,,1
202012,1129002509,1,,,,,,,,,,,,,,,,,,,
202012,1129002512,1,,,,,,,1,,,,,,,,,,,,
202012,1129002517,1,,,,,,,,,,,,,,,,,,,1
202012,1129002524,1,,,,,,,,,,,,,,,,,,,1
202012,1129002528,2,,,,,,,,,,,,,,,,,,,2
202012,1129002534,1,,,,,1,,,,,,,,,,,,,,
202012,1129002537,4,,,,,1,,,,,,,,,,,,,,2
202012,1129002538,1,1,,,,,,,,,,,,,,,,,,
202012,1129002539,2,,,,,,,,,,,,,,,,,,,
202012,1129002540,4,,,,,,,,,,,,,,,,,,,1
202012,1129002541,3,,,,,,,,,,,,,,,,,,,2
202012,1129002543,4,1,,,,1,,,,,,,,,,,,,,1
202012,1129002544,3,,,,,,,,,,,,,,,,,,,
202012,1129002546,2,,,,,,,,,,,,,,,,,,,1
202012,1129002548,1,,,,,,,,,,,,,,,,,,,
202012,1129002553,2,,,,,,,,,,,,,,,,,,,
202012,1129002556,1,,,,,,,,,,,,,,,,,,,
202012,1129002561,1,,,,,,,,,,,,,,,,,,,1
202012,1129002562,2,1,,,,1,,,,,,,,,,,,,,
202012,1129002565,2,,,,,1,,,,,,,,,,,,,,
202012,1129002568,2,,,,,,,,,,,,,,,,,,,1
202012,1129002572,1,,,,,,,,,,,,,,,,,,,1
202012,1129002579,1,,,,,,,,,,,,,,,,,,,
202012,1129002580,1,,,,,,,,,,,,,,,,,,,
202012,1129002581,3,,,,,,,2,,,,,,,,,,,,1
202012,1129002589,2,,,,,,,,,,,,,,,,,,,1
202012,1129002590,1,,,,,,,,,,,,,,,,,,,
202012,1129002593,1,,,,,,,,,,,,,,,,,,,1
202012,1129002600,1,,,,,,,,,,,,,,,,,,,
202012,1129002605,6,,,,,1,,,,,,,,,,,,,1,
202012,1129002606,1,,,,,,,,,,,,,,,,,,,
202012,1129002615,3,,1,,,,,,,,,,,,,,,,,
202012,1129002623,1,,,,,,,,,,,,,,,,,,,1
202012,1129002631,1,,,,,,,,,,,,,,,,,,,1
202012,1129002632,1,,,,,,,,,,,,,,,,,,,1
202012,1129002636,1,,,,,,,,,,,,,,,,,,,1
202012,1129002642,1,,,,,,,,,,,,,,,,,,,1
202012,1129002643,1,1,,,,,,,,,,,,,,,,,,
202012,1129002649,1,,,,,,,1,,,,,,,,,,,,
202012,1129002656,1,,,,,,,,,,,,,,,,,,,1
202012,1129002657,1,,,,,,,,,,,,,,,,,,,
202012,1129002661,1,,,,,,,,,,,,,,,,,,,
202012,1129002663,1,,,,,,,,,,,,,,,,,,,1
202012,1129002664,1,,,,,,,,,,,,,,,,,,,
202012,1129002666,3,,,,,1,,,,,,,,,,,,,,
202012,1129002677,2,,,,,,,,,,,,,,,,,,,
202012,1129002682,2,,1,,,1,,,,,,,,,,,,,,
202012,1129002685,4,,,,,2,,,,,,,,,,,,,,1
202012,1129002687,1,,,,,,,,,,,,,,,,,,,1
202012,1129002689,1,,,,,,,,,,,,,,,,,,,
202012,1129002690,1,,,,,,,,,,,,,,,,,,,
202012,1129002692,1,,,,,,,,,,,,,,,,,,,
202012,1129002694,1,,,,,,,,,,,,,,,,,,,1
202012,1129002699,1,,,,,,,,,,,,,,,,,,,
202012,1129002701,1,,,,,,,,,,,,,,,,,,,1
202012,1129002702,1,,,,,,,,,,,,,,,,,,,1
202012,1129002708,2,,,,,1,,,,,,,,,,,,,,
202012,1129002713,1,,,,,,1,,,,,,,,,,,,,
202012,1129002722,1,,,,,,,,,,,,,,,,,,,1
202012,1129002724,1,,,,,,,,,,,,,,,,,,,1
202012,1129002738,1,,,,,,,,,,,,,,,,,,,
202012,1129002740,1,,,,,,,,,,,,,,,,,,,
202012,1129002741,1,,,,,,,,,,,,,,,,,,,
202012,1129002744,1,,,,,,,,,,,,,,,,,,,1
202012,1129002746,1,,,,,,,,,,,,,,,,,,,1
202012,1129002752,2,,,,,,,,,,,,,,,,,,,
202012,1129002756,1,,,,,1,,,,,,,,,,,,,,
202012,1129002758,1,,,,,1,,,,,,,,,,,,,,
202012,1129002763,1,,,,,,,,,,,,,,,,,,,1
202012,1129002764,2,,,,,,,,,,,,,,,,,,,2
202012,1129002778,3,,,,,,,,,,,,,,,,,,,2
202012,1129002782,1,,,,,,,,,,,,,,,,,,,
202012,1129002784,1,,,,,,,,,,,,,,,,,,,1
202012,1129002792,1,,,,,,,,,,,,,,,,,,,
202012,1129002800,1,,,,,,,,,,,,,,,,,,,1
202012,1129002802,1,,,,,,,,,,,,,,,,,,,1
202012,1129002809,1,,,,,,,,,,,,,,,,,,,
202012,1129002824,1,,,,,,,,,,,,,,,,,,,1
202012,1129002825,1,,,,,,,,,,,,,,,,,,,
202012,1129002826,1,,,,,,,,,,,,,,,,,,,1
202012,1129002831,1,,,,,,,,,,,,,,,,,,,
202012,1129002841,1,,,,,,,,,,,,,,,,,,,
202012,1129002842,2,,,,,,,,,,,,,,,,,,,2
202012,1129002851,4,1,,,,,,,,,,,,,,,,,,3
202012,1129002854,1,,,,,,,,,,,,,,,,,,,1
202012,1129002857,3,,,,,1,,,,,,,,,,,,,,1
202012,1129002864,1,,,,,,,,,,,,,,,,,,,
202012,1129002868,1,,,,,,,,,,,,,,,,,,,1
202012,1129002869,2,,,,,,,,,,,,,,,,,,,
202012,1129002873,3,,,,,,,,,,,,,,,,,,,1
202012,1129002874,3,,,,,1,,,,,,,,,,,,,,2
202012,1129002879,1,,,,,,,,,,,,,,,,,,,
202012,1129002881,1,,,,,,,,1,,,,,,,,,,,
202012,1129002883,2,,,,,,,,,,,,,,,,,,,1
202012,1129002885,2,,,,,,,,,,,,,,,,,,,2
202012,1129002886,1,,,,,,,1,,,,,,,,,,,,
202012,1129002888,2,,,,,,,,,,,,,,,,,,,1
202012,1129002889,2,,,,,,,,,,,,,,,,,,,2
202012,1129002891,1,,,,,,1,,,,,,,,,,,,,
202012,1129002892,2,,,,,,,,,,,,,,,,,,,1
202012,1129002895,1,,,,,,,,,,,,,,,,,,,1
202012,1129002896,4,,,,,,,,,,,,,,,,,,,3
202012,1129002898,1,,,,,,,,,,,,,,,,,,,1
202012,1129002899,1,,,,,1,,,,,,,,,,,,,,
202012,1129002900,1,,,,,,,,,,,,,,,,,,,
202012,1129002901,1,,,,,,,,,,,,,,,,,,,1
202012,1129002902,1,,,,,,,,,,,,,,,,,,,
202012,1129002903,2,,,,,,,,,,,,,,,,,,,
202012,1129002909,1,,,,,,,,,,,,,,,,,,,
202012,1129002911,1,,,,,,,,,,1,,,,,,,,,
202012,1129002913,2,,,,,,,,,,,,,,,,,,,2
202012,1129002922,1,,,,,,,,,,,,,,,,,,,
202012,1129002926,1,,,,,,,,,,,,1,,,,,,,
202012,1129002928,1,,,,,,,,,,,,,,,,,,,1
202012,1129002937,1,,,,,,,,,,,,,,,,,,,
202012,1129002941,3,,,,,,,1,,,,,,,,,,,,
202012,1129002944,1,,,,,1,,,,,,,,,,,,,,
202012,1129002949,1,,,,,,,,,,,,,,,,,,,1
202012,1129002951,5,,,,,1,,,,,,,,,,,,,,
202012,1129002953,1,,,,,,,,,,,,,,,,,,,1
202012,1129002954,2,,,,,,,,,,,,,,,,,,,2
202012,1129002957,1,,,,,,,,,,,,,,,,,,,1
202012,1129002962,1,,,,,,,,,,,,,,,,,,,1
202012,1129002964,2,,,,,1,,,,,,,,,,,,,,1
202012,1129002966,1,,,,,,,,,,,,,,,,,,,
202012,1129002967,1,,,,,,,,,,,,,,,,,,,1
202012,1129002970,1,,,,,,,,,,,,,,,,,,,1
202012,1129002972,1,,,,,,,,,,,,,,,,,,,
202012,1129002974,1,,,,,,,,,,,,,,,,,,,
202012,1129002976,1,,,,,,,,,,,,,,,,,,,
202012,1129002979,1,,,,,,,,,,,,,,,,,,,1
202012,1129002998,1,,,,,,,,,,,,,,,,,,,1
202012,1129003000,2,1,,,,,,,,,,,,,,,,,,
202012,1129003015,4,,,,,,,,,,,,,,,,,,,
202012,1129003019,2,,,,,,,,,,,,,,,,,,,
202012,1129003020,1,,,,,,,,,,,,,,,,,,,
202012,1129003021,1,,,,,,,,,,,,,,,,,,,
202012,1129003024,1,,,,,,,,,,,,,,,,,,,
202012,1129003027,8,,,,,2,,,,,,,,,,,,,,4
202012,1129003035,1,,,,,1,,,,,,,,,,,,,,
202012,1129003036,2,,,,,,,,,,,,,,,,,,,1
202012,1129003037,1,,,,,,,,,,,,,,,,,,,
202012,1129003039,2,,,,,,,,,,,,,,,,,,,1
202012,1129003040,2,,,,,1,,,,,,,,,,,,,,
202012,1129003043,1,,,,,,,,,,,,,,,,,,,
202012,1129003044,2,,,,,,1,,,,,,,,,,,,,
202012,1129003047,1,,,,,1,,,,,,,,,,,,,,
202012,1129003049,2,,,,,,,,,,,,,,,,,,,
202012,1129003051,2,1,,,,,,,,,,,,,,,,,,1
202012,1129003053,1,,,,,,,,,,,,,,,,,,,1
202012,1129003056,2,,,,,,1,,,,,,,,,,,,,
202012,1129003057,1,,,,,,,,,,,,,,,,,,,
202012,1129003065,4,,,,,,,,,,,,,,,,,,,
202012,1129003073,1,,,,,,,,,,,,,,,,,,,
202012,1129003076,1,,,,,,,,,,,,,,,,,,,1
202012,1129003077,1,,,,,,,,,,,,,,,,,,,1
202012,1129003078,1,,,,,,,,,,,,,,,,,,,1
202012,1129003079,1,,,,,,,,,,,,,,,,,,,
202012,1129003082,1,,,,,,,,,,,,,,,,,,,1
202012,1129003087,2,,,,,,,,,,,,,,,,,,,1
202012,1129003091,1,,,,,,,,,,1,,,,,,,,,
202012,1129003109,5,,,,,,,,,,,,,,,,,,,4
202012,1129003110,1,,,,,,,,,,,,,,,,,,,
202012,1129003111,1,,,,,,,,,,,,,,,,,,,1
202012,1129003118,2,,,,,,,,,,,,,,,,,,,1
202012,1129003121,1,,,,,,,,,,,,,,,,,,,1
202012,1129003124,1,,,,,,,,,,,,,,,,,,,1
202012,1129003127,1,,,,,,,,,,,,,,,,,,,1
202012,1129003131,1,,,,,,,,,,,,,,,,,,,1
202012,1129003132,1,,,,,,,,,,,,,,,,,,,1
202012,1129003134,2,,,,,,,,,,,,,,,,,,,2
202012,1129003138,2,,,,,,,,,,,,,,,,,,,1
202012,1129003139,1,,,,,,,,,,,,,,,,,,,1
202012,1129003142,1,,,,,,,,,,,,,,,,,,,1
202012,1129003144,2,,,,,,,,,,,,,,,,,,,1
202012,1129003145,5,,,,,2,,,,,,,,,,,,,,1
202012,1129003146,2,,,,,,,,,,,,,,,,,,1,1
202012,1129003151,1,,,,,,,,,,,,,,,,,,,
202012,1129003153,1,,,,,,,,,,,,,,,,,,,1
202012,1129003156,3,,,,,,,,,,,,,,,,,,,2
202012,1129003159,1,,,,,,,,,,,,,,,,,,,
202012,1129003160,1,,,,,,,,,,,,,,,,,,,
202012,1129003162,2,,1,,,,,,,,,,,,,,,,,
202012,1129003166,1,,,,,,,,,,,,,,,,,,,1
202012,1129003168,1,,,,,,,,,,,,,,,,,,,
202012,1129003172,1,,,,,,,,,,,,,,,,,,,1
202012,1129003174,1,,,,,,,,,,,,,,,,,,,
202012,1129003175,1,,,,,,,,,,,,,,,,,,,1
202012,1129003176,3,,,,,,,,,,,,,,,,,,,3
202012,1129003178,1,,,,,,,,,,,,,,,,,,,1
202012,1129003179,1,,,,,,,,,,,,,,,,,,,
202012,1129003189,4,,,,,,,1,,,,,,,,,,,,3
202012,1129003190,6,1,1,,,,,,,,,,,,,,,,,3
202012,1129003193,2,,,,,,,,,,,,,,,,,,,
202012,1129003196,4,,,,,,,1,,,,,,,,,,,,3
202012,1129003199,1,,,,,,,,,,,,,,,,,,,
202012,1129003200,2,2,,,,,,,,,,,,,,,,,,
202012,1129003202,1,,,,,1,,,,,,,,,,,,,,
202012,1129003203,1,,,,,,,,,,,,,,,,,,,
202012,1129003204,3,,,,,,,,,,,,,,,,,,,3
202012,1129003210,1,,,,,,,,,,,,,,,,,,,
202012,1129003212,4,,,,,1,,,,,,,,,,,,,,1
202012,1129003214,1,,,,,,,,,,,,,,,,,,,
202012,1129003226,2,,,,,,,,,,,,,,,,,,,
202012,1129003227,2,,,,,1,,,,,,,,,,,,,,
202012,1129003239,3,1,,,,,,,,,,,,,,,,,,2
202012,1129003243,4,,,,,,,,,,,,,,,,,,,1
202012,1129003245,1,,,,,,,,,,,,,,,,,,,
202012,1129003247,1,,,,,,,,,,,,,,,,,,,1
202012,1129003251,11,,1,,,1,,,,,,,,,,,,,,1
202012,1129003257,1,,,,,,,,,,,,,,,,,,,
202012,1129003262,1,,,,,,,,,,,,,,,,,,,1
202012,1129003263,1,,,,,,,,,,,,,,,,,,,
202012,1129003266,2,,,,,,1,,,,,,,,,,,,,
202012,1129003268,1,,,,,,,,,,,,,,,,,,,
202012,1129003275,1,,,,,,,,,,,,,,,,,,,1
202012,1129003277,1,,,,,,,,,,,,,,,,,,,1
202012,1129003289,1,,,,,,,,,,,,,,,,,,,1
202012,1129003291,1,,,,,,,,1,,,,,,,,,,,
202012,1129003295,3,,,,,,,,,,,,,,,,,,,
202012,1129003298,3,,,,,,,,,,,,,,,,,,,
202012,1129003303,1,,,,,,,,,,,,,,,,,,,1
202012,1129003307,2,,,,,,,,,,,,,,,,,,,2
202012,1129003310,1,,,,,,,,,,,,,,,,,,,1
202012,1129003314,1,,,,,,,,,,,,,,,,,,,
202012,1129003315,2,,,,,1,,,,,,,,,,,,,,
202012,1129003316,3,,,,,,,,,,,,,,,,,,,
202012,1129003317,1,1,,,,,,,,,,,,,,,,,,
202012,1129003318,1,,,,,,,,,,,,,,,,,,,
202012,1129003323,1,,,,,,,,,,,,,,,,,,,
202012,1129003325,1,,,,,,,,,,,,,,,,,,,1
202012,1129003328,1,,,,,,,,,,,,,,,,,,,1
202012,1129003329,2,,,,,1,,,,,,,,,,,,,,1
202012,1129003330,1,,,,,,,,,,,,,,,,,,,
202012,1129003331,1,1,,,,,,,,,,,,,,,,,,
202012,1129003332,4,,,,,,,,,,,,,,,,,,,
202012,1129003335,2,,,,,,,,,,,,,,,,,,,1
202012,1129003336,1,,,,,,,,,,,,,,,,,,,1
202012,1129003342,1,,,,,,,,,,,,,,,,,,,
202012,1129003344,1,,,,,,,,,,,,,,,,,,,1
202012,1129003345,1,,,,,,,,,,,,,,,,,,,1
202012,1129003348,1,,,,,,,,,,,,,,,,,,,1
202012,1129003350,1,,,,,,,,,,1,,,,,,,,,
202012,1129003352,1,,,,,,,,,,,,,,,,,,,1
202012,1129003354,1,,,,,,,,,,,,,,,,,,,
202012,1129003361,1,,,,,,,,,,,,,,,,,,,1
202012,1129003364,2,,,,,,,,,,,,,,,,,,,
202012,1129003367,1,,,,,,,,,,,,,,,,,,,
202012,1129003374,2,,,,,,,,,,,,,,,,,,,1
202012,1129003376,2,,,,,,,,,,,,,,,,,,,
202012,1129003380,2,,,,,,,,,,,,,,,,,,,2
202012,1129003385,10,,,,,,,,2,1,6,,,,,,,,,1
202012,1129003387,2,,,,,,,,,,1,,,,,,,,,1
202012,1129003389,2,,,,,,,,,,,,,,,,,,,
202012,1129003396,1,,,,,,,,,,1,,,,,,,,,
202012,1129003398,1,,,,,,,,,,,,,,,,,,,1
202012,1129003399,1,,,,,,,,,,,,,,,,,,,
202012,1129003400,1,,,,,,,,,,,,,,,,,,,1
202012,1129003401,2,,,,,,,,,,,,,,,,,,,2
202012,1129003402,1,1,,,,,,,,,,,,,,,,,,
202012,1129003403,1,,,,,,,1,,,,,,,,,,,,
202012,1129003404,1,,,,,,,,,,,,,,,,,,,
202012,1129003406,5,,,,,,,,,,,,,,,,,,,1
202012,1129003407,1,,,,,,,,,,,,,,,,,,,1
202012,1129003411,1,,,,,,,,,,1,,,,,,,,,
202012,1129003413,23,1,1,,,,,,,,18,,,,,,,,,3
202012,1129003414,4,,,,,,,,,,,,,,,,,,,2
202012,1129003416,3,,,,,,,,,,,,,,,,,,,
202012,1129003420,1,,,,,,,,,,,,,,,,,,,
202012,1129003428,1,,,,,,,,,,,,,,,,,,,1
202012,1129003431,1,,,,,,,,,,,,,,,,,,,1
202012,1129003432,2,,,,,,,,,,,,,,,,,,,2
202012,1129003440,2,,,,,,,,,,,,,,,,,,,1
202012,1129003442,1,,,,,,,,,,,,,,,,,,,1
202012,1129003443,2,,,,,,,,,,,,,,,,,,,
202012,1129003446,2,,,,,,,,,,,,,,,,,,,1
202012,1129003448,1,,,,,,,,,,,,,,,,,,,
202012,1129003454,4,,,,,2,,,,,,,,,,,,,,
202012,1129003457,3,,1,,,,,,,,,,,,,,,,,2
202012,1129003458,6,,,,,2,,,,,,,,,,,,,,3
202012,1129003461,1,,,,,,,,,,,,,,,,,,,
202012,1129003464,2,,,,,1,,,,,,,,,,,,,,
202012,1129003465,7,,1,,,1,,,,,,,,,,,,,,
202012,1129003471,2,,,,,,,,,,,,,,,,,,,
202012,1129003472,7,1,,,,2,,,,,,,,,,,,,,2
202012,1129003481,1,1,,,,,,,,,,,,,,,,,,
202012,1129003483,4,2,,,,,,,,,,,,,,,,,,1
202012,1129003485,1,,,,,,,,,,,,,,,,,,,1
202012,1129003486,1,,,,,,,,,,,,,,,,,,,
202012,1129003488,3,,,,,,,,,,,,,,,,,,1,1
202012,1129003490,1,,,,,,,,,,1,,,,,,,,,
202012,1129003492,2,,,,,,,,,,,,,,,,,,,1
202012,1129003494,2,,,,,,,,,,,,,,,,,,,1
202012,1129003495,3,,,,,,,,,,,,,,,,,,,
202012,1129003501,6,,,,,1,,,,,,,,,,,,,,1
202012,1129003502,2,,,,,,,,,,,,,,,,,,,2
202012,1129003503,2,1,,,,,,,,,,,,,,,,,,1
202012,1129003508,1,,,,,,,,,,,,,,,,,,,1
202012,1129003509,2,,,,,,,,,,,,,,,,,,,2
202012,1129003510,1,,,,,,,,,,,,,,,,,,,
202012,1129003516,1,,,,,,,,,,,,,,,,,,,1
202012,1129003518,1,,,,,,,,,,,,,,,,,,,
202012,1129003523,1,,,,,,,,,,1,,,,,,,,,
202012,1129003525,1,,,,,,,,,,1,,,,,,,,,
202012,1129003529,1,,,,,,,,,,,,,,,,,,,
202012,1129003530,1,,,,,,,,,,,,,,,,,,,
202012,1129003535,1,,,,,,,,,,,,,,,,,,,1
202012,1129003539,1,,,,,,,,,,,,,,,,,,,
202012,1129003550,1,1,,,,,,,,,,,,,,,,,,
202012,1129003551,1,,,,,,,,,,,,,,,,,,,
202012,1129003552,1,,,,,,,,,,,,,,,,,,,
202012,1129003553,14,1,1,,,,,,,2,8,,,,,,,,,2
202012,1129003555,1,,,,,,,,,,,,,,,,,,,1
202012,1129003556,3,,,,,,,,,,,,,,,,,,,1
202012,1129003557,2,,,,,,1,,,,,,,,,,,,,1
202012,1129003559,2,,,,,,,,,,,,,,,,,,,2
202012,1129003560,4,,,,,1,,,,,,,,,,,,,,1
202012,1129003561,3,,,,,1,,,,,,,,,,,,,,1
202012,1129003563,1,,,,,,,,,,,,,,,,,,,
202012,1129003565,1,,,,,,,,,,,,,,,,,,,
202012,1129003569,1,,,,,,,,,,,,,,,,,,,1
202012,1129003570,2,,,,,1,,,,,,,,,,,,,,
202012,1129003576,1,,,,,,,,,,,,,,,,,,,1
202012,1129003578,1,,,,,,,,,,,,,,,,,,,
202012,1129003582,1,,,,,,,,,,,,,,,,,,,
202012,1129003584,1,,,,,,,,,,,,,,,,,,,1
202012,1129003592,2,,,,,,,,,,,,,,,,,,,
202012,1129003595,2,,,,,,,,,,,,,,,,,,,1
202012,1129003596,1,,,,,,,,,,,,,,,,,,,1
202012,1129003597,4,,,,,,1,,,,,,,,,,,,,1
202012,1129003605,1,,,,,,,,,,,,,,,,,,,
202012,1129003607,1,,,,,,,,,,,,,,,,,,,
202012,1129003609,1,,,,,,,,,,,,,,,,,,,1
202012,1129003610,1,,,,,,,,,,,,,,,,,,,1
202012,1129003612,2,,,,,,,1,,,,,,,,,,,,1
202012,1129003617,2,,,,,,,,,,,,,,,,,,,
202012,1129003618,1,,,,,,,,,,,,,,,,,,,
202012,1129003619,1,,,,,,,,,,,,,,,,,,,1
202012,1129003622,1,,,,,,,,,,,,,,,,,,,
202012,1129003630,3,,,,,1,,,,,,,,,,,,,,
202012,1129003637,2,,,,,,,,,,,,,,,,,,,2
202012,1129003638,3,,,,,,,,,,2,,,,,,,,,1
202012,1129003643,2,,,,,,,,,,,,,,,,,,,
202012,1129003648,2,,,,,,,,,,,,,,,,,,,1
202012,1129003649,1,,,,,,,,1,,,,,,,,,,,
202012,1129003654,1,,,,,,,,,,,,,,,,,,,1
202012,1129003655,1,,,,,,,,,,,,,,,,,,,1
202012,1129003656,1,,,,,,,,,,,,,,,,,,,1
202012,1129003657,2,,,,,1,,,,,,,,,,,,,,1
202012,1129003665,3,,,,,,,1,,,,,,,,,,,,2
202012,1129003667,1,,,,,,,,,1,,,,,,,,,,
202012,1129003668,1,,,,,,,,,,,,,,,,,,,1
202012,1129003672,1,,,,,,,,,,,,,,,,,,,1
202012,1129003676,1,,,,,,,,,,,,,,,,,,,
202012,1129003678,2,,,,,,,,,,,,,,,,,,,2
202012,1129003681,1,,,,,,,,,,,,,,,,,,,1
202012,1129003682,1,,,,,,,,1,,,,,,,,,,,
202012,1129003683,5,,1,,,,,,,,,,,,,,,,,1
202012,1129003686,2,1,,,,1,,,,,,,,,,,,,,
202012,1129003689,1,,,,,,,,,,,,,,,,,,,
202012,1129003690,1,,,,,,,,,,,,,,,,,,,1
202012,1129003696,1,,,,,,,,,,,,,,,,,,,
202012,1129003707,1,,,,1,,,,,,,,,,,,,,,
202012,1129003713,1,,,,,,,,,,,,,,,,,,,1
202012,1129003716,1,,,,,,,,,,,,,,,,,,,1
202012,1129003717,1,,,,,,,,,,,,,,,,,,,
202012,1129003720,2,,,,,,1,,,,,,,,,,,,,
202012,1129003729,2,,,,,1,,,,,,,,,,,,,,
202012,1129003741,4,,,,,,,,,,,,,,,,,,,3
202012,1129003742,2,,,,,,1,,,,,,,,,,,,,1
202012,1129003746,4,,,,,,,,,,,,,,,,,,,2
202012,1129003747,1,,,,,,,,,,,,,,,,,,,
202012,1129003749,2,,,,,,,,,,,,,,,,,,,
202012,1129003751,1,,,,,,,,,,,,,,,,,,,1
202012,1129003753,1,,,,,,,,,,,,,,,,,,,1
202012,1129003755,4,,,,,,,,,,,,,,,,,,,
202012,1129003760,1,,,,,,,,,,,,,,,,,,,1
202012,1129003761,1,,,,,,,,,,,,,,,,,,,1
202012,1129003765,4,,,,,2,,,,,,,,,,,,,,
202012,1129003771,6,,,,,1,,,,,,,,,,,,,,
202012,1129003773,7,1,,,,,,,,,,,,,,,,,,1
202012,1129003780,1,,,,,,,,,,,,,,,,,,,1
202012,1129003783,1,,,,,,,,,,,,,,,,,,,1
202012,1129003785,1,,,,,,,,,,,,,,,,,,,1
202012,1129003787,2,2,,,,,,,,,,,,,,,,,,
202012,1129003788,2,,,,,,,,,,,,,,,,,,,2
202012,1129003789,1,,,,,,,,,,,,,,,,,,,
202012,1129003790,1,,,,,,,,,,,,,,,,,,,
202012,1129003792,1,,,,,1,,,,,,,,,,,,,,
202012,1129003796,1,,,,,,,,,,,,,,,,,,,1
202012,1129003798,2,,,,,,,,,,,,,,,,,,,
202012,1129003800,3,,,,,,,,,,,,,,,,,,,
202012,1129003802,1,,,,,,,,,,,,,,,,,,,
202012,1129003805,1,,,,,,,1,,,,,,,,,,,,
202012,1129003807,2,,,,,,,,,,,,,,,,,,,1
202012,1129003808,5,,,,,1,,,,,,,,,,,,,,2
202012,1129003810,1,,,,,,,,,,,,,,,,,,,
202012,1129003816,1,,,,,,,,,,,,,,,,,,,1
202012,1129003817,1,,,,,,,,,,,,,,,,,,,
202012,1129003822,4,2,,,,,,,,,,,,,,,,,,
202012,1129003831,2,,,,,,1,,,,,,,,,,,,,
202012,1129003832,4,,1,,,,,,,,,,,,,,,,,
202012,1129003833,1,,,,,,,,,,,,,,,,,,,
202012,1129003834,2,,,,,,,,,,,,,,,,,,,
202012,1129003837,4,,,,,1,,,,,,,,,,,,,,
202012,1129003841,1,,,,,,,,,,,,,,,,,,,
202012,1129003844,3,,,,,,,,,,,,,,,,,,,
202012,1129003848,1,,,,,,,,,,,,,,,,,,,
202012,1129003852,3,,,,,1,,,,,,,,,,,,,,
202012,1129003853,5,,,,,,,,,,,,,,,,,,,2
202012,1129003857,1,,,,,1,,,,,,,,,,,,,,
202012,1129003862,3,,,,,1,,,,,,,,,,,,,,1
202012,1129003863,1,,,,,,,,,,,,,,,,,,,
202012,1129003867,1,,,,,,,,,,,,,,,,,,,1
202012,1129003868,1,,,,,,,,,,,,,,,,,,,1
202012,1129003871,3,,,,,,,,,,,,,,,,,,,
202012,1129003873,1,,,,,,,,,,,,,,,,,,,
202012,1129003874,1,,,,,,,,,,,,,,,,,,,
202012,1129003880,3,,,,,,,,,,,,,,,,,,,1
202012,1129003882,1,,,,,,,,,,,,,,,,,,,1
202012,1129003888,2,,,,,1,,,,,,,,,,,,,,
202012,1129003894,1,,,,,,,,,,,,,,,,,,,
202012,1129003895,5,,,,,1,,,,,,,,,,,,,,
202012,1129003896,1,,,,,,,,,,,,,,,,,,,1
202012,1129003898,1,1,,,,,,,,,,,,,,,,,,
202012,1129003899,1,,,,,,,,,,,,,,,,,,,1
202012,1129003901,1,,,,,,,,,,,,,,,,,,,1
202012,1129003903,2,,,,,,,,,,,,,,,,,,,2
202012,1129003904,1,,,,,,,,,,,,,,,,,,,
202012,1129003906,4,,,,,1,,,,,,,,,,,,,,
202012,1129003907,1,,,,,,,,,,,,,,,,,,,
202012,1129003908,1,,,,,,,,,,,,,,,,,,,
202012,1129003910,2,,,,,,,,,,,,,,,,,,,1
202012,1129003914,2,,,,,,,,,,,,,,,,,,,1
202012,1129003916,3,,,,,1,,,,,,,,,,,,,,1
202012,1129003918,1,,,,,,,,,,,,,,,,,,,1
202012,1129003919,1,,,,,,,,,,,,,,,,,,,
